-- ==========================================
-- INSERT DATA INTO Dim_Time
-- ==========================================

INSERT INTO Dim_Time (Date_Key, Year_Quarter, Year) VALUES (1, '2009-Q1', 2009);
INSERT INTO Dim_Time (Date_Key, Year_Quarter, Year) VALUES (2, '2009-Q2', 2009);
INSERT INTO Dim_Time (Date_Key, Year_Quarter, Year) VALUES (3, '2009-Q3', 2009);
INSERT INTO Dim_Time (Date_Key, Year_Quarter, Year) VALUES (4, '2009-Q4', 2009);
INSERT INTO Dim_Time (Date_Key, Year_Quarter, Year) VALUES (5, '2010-Q1', 2010);
INSERT INTO Dim_Time (Date_Key, Year_Quarter, Year) VALUES (6, '2010-Q2', 2010);
INSERT INTO Dim_Time (Date_Key, Year_Quarter, Year) VALUES (7, '2010-Q3', 2010);
INSERT INTO Dim_Time (Date_Key, Year_Quarter, Year) VALUES (8, '2010-Q4', 2010);
INSERT INTO Dim_Time (Date_Key, Year_Quarter, Year) VALUES (9, '2011-Q1', 2011);
INSERT INTO Dim_Time (Date_Key, Year_Quarter, Year) VALUES (10, '2011-Q2', 2011);
INSERT INTO Dim_Time (Date_Key, Year_Quarter, Year) VALUES (11, '2011-Q3', 2011);
INSERT INTO Dim_Time (Date_Key, Year_Quarter, Year) VALUES (12, '2011-Q4', 2011);
INSERT INTO Dim_Time (Date_Key, Year_Quarter, Year) VALUES (13, '2012-Q1', 2012);
INSERT INTO Dim_Time (Date_Key, Year_Quarter, Year) VALUES (14, '2012-Q2', 2012);
INSERT INTO Dim_Time (Date_Key, Year_Quarter, Year) VALUES (15, '2012-Q3', 2012);
INSERT INTO Dim_Time (Date_Key, Year_Quarter, Year) VALUES (16, '2012-Q4', 2012);
INSERT INTO Dim_Time (Date_Key, Year_Quarter, Year) VALUES (17, '2013-Q1', 2013);
INSERT INTO Dim_Time (Date_Key, Year_Quarter, Year) VALUES (18, '2013-Q2', 2013);
INSERT INTO Dim_Time (Date_Key, Year_Quarter, Year) VALUES (19, '2013-Q3', 2013);
INSERT INTO Dim_Time (Date_Key, Year_Quarter, Year) VALUES (20, '2013-Q4', 2013);
INSERT INTO Dim_Time (Date_Key, Year_Quarter, Year) VALUES (21, '2014-Q1', 2014);
INSERT INTO Dim_Time (Date_Key, Year_Quarter, Year) VALUES (22, '2014-Q2', 2014);
INSERT INTO Dim_Time (Date_Key, Year_Quarter, Year) VALUES (23, '2014-Q3', 2014);
INSERT INTO Dim_Time (Date_Key, Year_Quarter, Year) VALUES (24, '2014-Q4', 2014);
INSERT INTO Dim_Time (Date_Key, Year_Quarter, Year) VALUES (25, '2015-Q1', 2015);
INSERT INTO Dim_Time (Date_Key, Year_Quarter, Year) VALUES (26, '2015-Q2', 2015);
INSERT INTO Dim_Time (Date_Key, Year_Quarter, Year) VALUES (27, '2015-Q3', 2015);
INSERT INTO Dim_Time (Date_Key, Year_Quarter, Year) VALUES (28, '2015-Q4', 2015);
INSERT INTO Dim_Time (Date_Key, Year_Quarter, Year) VALUES (29, '2016-Q1', 2016);
INSERT INTO Dim_Time (Date_Key, Year_Quarter, Year) VALUES (30, '2016-Q2', 2016);
INSERT INTO Dim_Time (Date_Key, Year_Quarter, Year) VALUES (31, '2016-Q3', 2016);
INSERT INTO Dim_Time (Date_Key, Year_Quarter, Year) VALUES (32, '2016-Q4', 2016);
INSERT INTO Dim_Time (Date_Key, Year_Quarter, Year) VALUES (33, '2017-Q1', 2017);
INSERT INTO Dim_Time (Date_Key, Year_Quarter, Year) VALUES (34, '2017-Q2', 2017);
INSERT INTO Dim_Time (Date_Key, Year_Quarter, Year) VALUES (35, '2017-Q3', 2017);
INSERT INTO Dim_Time (Date_Key, Year_Quarter, Year) VALUES (36, '2017-Q4', 2017);
INSERT INTO Dim_Time (Date_Key, Year_Quarter, Year) VALUES (37, '2018-Q1', 2018);
INSERT INTO Dim_Time (Date_Key, Year_Quarter, Year) VALUES (38, '2018-Q2', 2018);
INSERT INTO Dim_Time (Date_Key, Year_Quarter, Year) VALUES (39, '2018-Q3', 2018);
INSERT INTO Dim_Time (Date_Key, Year_Quarter, Year) VALUES (40, '2018-Q4', 2018);
INSERT INTO Dim_Time (Date_Key, Year_Quarter, Year) VALUES (41, '2019-Q1', 2019);
INSERT INTO Dim_Time (Date_Key, Year_Quarter, Year) VALUES (42, '2019-Q2', 2019);
INSERT INTO Dim_Time (Date_Key, Year_Quarter, Year) VALUES (43, '2019-Q3', 2019);
INSERT INTO Dim_Time (Date_Key, Year_Quarter, Year) VALUES (44, '2019-Q4', 2019);
INSERT INTO Dim_Time (Date_Key, Year_Quarter, Year) VALUES (45, '2020-Q1', 2020);
INSERT INTO Dim_Time (Date_Key, Year_Quarter, Year) VALUES (46, '2020-Q2', 2020);
INSERT INTO Dim_Time (Date_Key, Year_Quarter, Year) VALUES (47, '2020-Q3', 2020);
INSERT INTO Dim_Time (Date_Key, Year_Quarter, Year) VALUES (48, '2020-Q4', 2020);
INSERT INTO Dim_Time (Date_Key, Year_Quarter, Year) VALUES (49, '2021-Q1', 2021);
INSERT INTO Dim_Time (Date_Key, Year_Quarter, Year) VALUES (50, '2021-Q2', 2021);
INSERT INTO Dim_Time (Date_Key, Year_Quarter, Year) VALUES (51, '2021-Q3', 2021);
INSERT INTO Dim_Time (Date_Key, Year_Quarter, Year) VALUES (52, '2021-Q4', 2021);
INSERT INTO Dim_Time (Date_Key, Year_Quarter, Year) VALUES (53, '2022-Q1', 2022);
INSERT INTO Dim_Time (Date_Key, Year_Quarter, Year) VALUES (54, '2022-Q2', 2022);
INSERT INTO Dim_Time (Date_Key, Year_Quarter, Year) VALUES (55, '2022-Q3', 2022);
INSERT INTO Dim_Time (Date_Key, Year_Quarter, Year) VALUES (56, '2022-Q4', 2022);

-- ==========================================
-- INSERT DATA INTO Oil_Price_Qtr_Avg
-- ==========================================

INSERT INTO Oil_Price_Qtr_Avg (Date_Key, Oil_Price_Qtr_Avg, Oil_Bucket) VALUES (1, 45.366667, 'Below_50');
INSERT INTO Oil_Price_Qtr_Avg (Date_Key, Oil_Price_Qtr_Avg, Oil_Bucket) VALUES (2, 62.440000, '50_to_80');
INSERT INTO Oil_Price_Qtr_Avg (Date_Key, Oil_Price_Qtr_Avg, Oil_Bucket) VALUES (3, 70.006667, '50_to_80');
INSERT INTO Oil_Price_Qtr_Avg (Date_Key, Oil_Price_Qtr_Avg, Oil_Bucket) VALUES (4, 77.880000, '50_to_80');
INSERT INTO Oil_Price_Qtr_Avg (Date_Key, Oil_Price_Qtr_Avg, Oil_Bucket) VALUES (5, 78.770000, '50_to_80');
INSERT INTO Oil_Price_Qtr_Avg (Date_Key, Oil_Price_Qtr_Avg, Oil_Bucket) VALUES (6, 78.583333, '50_to_80');
INSERT INTO Oil_Price_Qtr_Avg (Date_Key, Oil_Price_Qtr_Avg, Oil_Bucket) VALUES (7, 76.946667, '50_to_80');
INSERT INTO Oil_Price_Qtr_Avg (Date_Key, Oil_Price_Qtr_Avg, Oil_Bucket) VALUES (8, 85.640000, '80_to_100');
INSERT INTO Oil_Price_Qtr_Avg (Date_Key, Oil_Price_Qtr_Avg, Oil_Bucket) VALUES (9, 98.626667, '80_to_100');
INSERT INTO Oil_Price_Qtr_Avg (Date_Key, Oil_Price_Qtr_Avg, Oil_Bucket) VALUES (10, 104.016667, '100_Plus');
INSERT INTO Oil_Price_Qtr_Avg (Date_Key, Oil_Price_Qtr_Avg, Oil_Bucket) VALUES (11, 87.903333, '80_to_100');
INSERT INTO Oil_Price_Qtr_Avg (Date_Key, Oil_Price_Qtr_Avg, Oil_Bucket) VALUES (12, 97.460000, '80_to_100');
INSERT INTO Oil_Price_Qtr_Avg (Date_Key, Oil_Price_Qtr_Avg, Oil_Bucket) VALUES (13, 102.856667, '100_Plus');
INSERT INTO Oil_Price_Qtr_Avg (Date_Key, Oil_Price_Qtr_Avg, Oil_Bucket) VALUES (14, 92.120000, '80_to_100');
INSERT INTO Oil_Price_Qtr_Avg (Date_Key, Oil_Price_Qtr_Avg, Oil_Bucket) VALUES (15, 92.240000, '80_to_100');
INSERT INTO Oil_Price_Qtr_Avg (Date_Key, Oil_Price_Qtr_Avg, Oil_Bucket) VALUES (16, 88.990000, '80_to_100');
INSERT INTO Oil_Price_Qtr_Avg (Date_Key, Oil_Price_Qtr_Avg, Oil_Bucket) VALUES (17, 95.590000, '80_to_100');
INSERT INTO Oil_Price_Qtr_Avg (Date_Key, Oil_Price_Qtr_Avg, Oil_Bucket) VALUES (18, 93.996667, '80_to_100');
INSERT INTO Oil_Price_Qtr_Avg (Date_Key, Oil_Price_Qtr_Avg, Oil_Bucket) VALUES (19, 105.003333, '100_Plus');
INSERT INTO Oil_Price_Qtr_Avg (Date_Key, Oil_Price_Qtr_Avg, Oil_Bucket) VALUES (20, 95.840000, '80_to_100');
INSERT INTO Oil_Price_Qtr_Avg (Date_Key, Oil_Price_Qtr_Avg, Oil_Bucket) VALUES (21, 100.553333, '100_Plus');
INSERT INTO Oil_Price_Qtr_Avg (Date_Key, Oil_Price_Qtr_Avg, Oil_Bucket) VALUES (22, 102.606667, '100_Plus');
INSERT INTO Oil_Price_Qtr_Avg (Date_Key, Oil_Price_Qtr_Avg, Oil_Bucket) VALUES (23, 95.096667, '80_to_100');
INSERT INTO Oil_Price_Qtr_Avg (Date_Key, Oil_Price_Qtr_Avg, Oil_Bucket) VALUES (24, 66.653333, '50_to_80');
INSERT INTO Oil_Price_Qtr_Avg (Date_Key, Oil_Price_Qtr_Avg, Oil_Bucket) VALUES (25, 48.533333, 'Below_50');
INSERT INTO Oil_Price_Qtr_Avg (Date_Key, Oil_Price_Qtr_Avg, Oil_Bucket) VALUES (26, 59.800000, '50_to_80');
INSERT INTO Oil_Price_Qtr_Avg (Date_Key, Oil_Price_Qtr_Avg, Oil_Bucket) VALUES (27, 47.136667, 'Below_50');
INSERT INTO Oil_Price_Qtr_Avg (Date_Key, Oil_Price_Qtr_Avg, Oil_Bucket) VALUES (28, 41.760000, 'Below_50');
INSERT INTO Oil_Price_Qtr_Avg (Date_Key, Oil_Price_Qtr_Avg, Oil_Bucket) VALUES (29, 35.236667, 'Below_50');
INSERT INTO Oil_Price_Qtr_Avg (Date_Key, Oil_Price_Qtr_Avg, Oil_Bucket) VALUES (30, 47.783333, 'Below_50');
INSERT INTO Oil_Price_Qtr_Avg (Date_Key, Oil_Price_Qtr_Avg, Oil_Bucket) VALUES (31, 44.846667, 'Below_50');
INSERT INTO Oil_Price_Qtr_Avg (Date_Key, Oil_Price_Qtr_Avg, Oil_Bucket) VALUES (32, 50.006667, '50_to_80');
INSERT INTO Oil_Price_Qtr_Avg (Date_Key, Oil_Price_Qtr_Avg, Oil_Bucket) VALUES (33, 52.473333, '50_to_80');
INSERT INTO Oil_Price_Qtr_Avg (Date_Key, Oil_Price_Qtr_Avg, Oil_Bucket) VALUES (34, 47.856667, 'Below_50');
INSERT INTO Oil_Price_Qtr_Avg (Date_Key, Oil_Price_Qtr_Avg, Oil_Bucket) VALUES (35, 49.690000, 'Below_50');
INSERT INTO Oil_Price_Qtr_Avg (Date_Key, Oil_Price_Qtr_Avg, Oil_Bucket) VALUES (36, 57.400000, '50_to_80');
INSERT INTO Oil_Price_Qtr_Avg (Date_Key, Oil_Price_Qtr_Avg, Oil_Bucket) VALUES (37, 63.770000, '50_to_80');
INSERT INTO Oil_Price_Qtr_Avg (Date_Key, Oil_Price_Qtr_Avg, Oil_Bucket) VALUES (38, 69.920000, '50_to_80');
INSERT INTO Oil_Price_Qtr_Avg (Date_Key, Oil_Price_Qtr_Avg, Oil_Bucket) VALUES (39, 70.785633, '50_to_80');
INSERT INTO Oil_Price_Qtr_Avg (Date_Key, Oil_Price_Qtr_Avg, Oil_Bucket) VALUES (40, 53.883333, '50_to_80');
INSERT INTO Oil_Price_Qtr_Avg (Date_Key, Oil_Price_Qtr_Avg, Oil_Bucket) VALUES (41, 57.050000, '50_to_80');
INSERT INTO Oil_Price_Qtr_Avg (Date_Key, Oil_Price_Qtr_Avg, Oil_Bucket) VALUES (42, 58.956700, '50_to_80');
INSERT INTO Oil_Price_Qtr_Avg (Date_Key, Oil_Price_Qtr_Avg, Oil_Bucket) VALUES (43, 55.916667, '50_to_80');
INSERT INTO Oil_Price_Qtr_Avg (Date_Key, Oil_Price_Qtr_Avg, Oil_Bucket) VALUES (44, 56.807600, '50_to_80');
INSERT INTO Oil_Price_Qtr_Avg (Date_Key, Oil_Price_Qtr_Avg, Oil_Bucket) VALUES (45, 38.933333, 'Below_50');
INSERT INTO Oil_Price_Qtr_Avg (Date_Key, Oil_Price_Qtr_Avg, Oil_Bucket) VALUES (46, 31.200000, 'Below_50');
INSERT INTO Oil_Price_Qtr_Avg (Date_Key, Oil_Price_Qtr_Avg, Oil_Bucket) VALUES (47, 41.033333, 'Below_50');
INSERT INTO Oil_Price_Qtr_Avg (Date_Key, Oil_Price_Qtr_Avg, Oil_Bucket) VALUES (48, 43.216667, 'Below_50');
INSERT INTO Oil_Price_Qtr_Avg (Date_Key, Oil_Price_Qtr_Avg, Oil_Bucket) VALUES (49, 57.620000, '50_to_80');
INSERT INTO Oil_Price_Qtr_Avg (Date_Key, Oil_Price_Qtr_Avg, Oil_Bucket) VALUES (50, 67.993333, '50_to_80');
INSERT INTO Oil_Price_Qtr_Avg (Date_Key, Oil_Price_Qtr_Avg, Oil_Bucket) VALUES (51, 72.493333, '50_to_80');
INSERT INTO Oil_Price_Qtr_Avg (Date_Key, Oil_Price_Qtr_Avg, Oil_Bucket) VALUES (52, 74.170000, '50_to_80');
INSERT INTO Oil_Price_Qtr_Avg (Date_Key, Oil_Price_Qtr_Avg, Oil_Bucket) VALUES (53, 92.836667, '80_to_100');
INSERT INTO Oil_Price_Qtr_Avg (Date_Key, Oil_Price_Qtr_Avg, Oil_Bucket) VALUES (54, 105.983333, '100_Plus');
INSERT INTO Oil_Price_Qtr_Avg (Date_Key, Oil_Price_Qtr_Avg, Oil_Bucket) VALUES (55, 88.166667, '80_to_100');
INSERT INTO Oil_Price_Qtr_Avg (Date_Key, Oil_Price_Qtr_Avg, Oil_Bucket) VALUES (56, 82.170000, '80_to_100');

-- ==========================================
-- INSERT DATA INTO covid_19_clean_complete
-- ==========================================

INSERT INTO covid_19_clean_complete (Date_Key, Covid_US_Cases_Quarterly) VALUES (45, 188724);
INSERT INTO covid_19_clean_complete (Date_Key, Covid_US_Cases_Quarterly) VALUES (46, 2636414);
INSERT INTO covid_19_clean_complete (Date_Key, Covid_US_Cases_Quarterly) VALUES (47, 4290259);

-- ==========================================
-- INSERT DATA INTO Fact_Financials_Master
-- ==========================================

INSERT INTO Fact_Financials_Master (Date_Key, Airline_Name, net_income, load_factor, operating_revenue, operating_income, fuel_cost, CARES_FLAG1, CARES_Flag) VALUES (1, 'American Airlines', -365661, 78.616667, 4833992, -226645.00, 1142869172, 'Normal_Period', 'Normal_Period');
INSERT INTO Fact_Financials_Master (Date_Key, Airline_Name, net_income, load_factor, operating_revenue, operating_income, fuel_cost, CARES_FLAG1, CARES_Flag) VALUES (1, 'Alaska Airlines', -12045, 74.700000, 653137, 6811.00, 109886338, 'Normal_Period', 'Normal_Period');
INSERT INTO Fact_Financials_Master (Date_Key, Airline_Name, net_income, load_factor, operating_revenue, operating_income, fuel_cost, CARES_FLAG1, CARES_Flag) VALUES (1, 'JetBlue Airlines', 11678, 75.956667, 792890, 72159.09, 214388168, 'Normal_Period', 'Normal_Period');
INSERT INTO Fact_Financials_Master (Date_Key, Airline_Name, net_income, load_factor, operating_revenue, operating_income, fuel_cost, CARES_FLAG1, CARES_Flag) VALUES (1, 'Delta Airlines', -515691, 80.000000, 4232092, -337084.00, 1279161613, 'Normal_Period', 'Normal_Period');
INSERT INTO Fact_Financials_Master (Date_Key, Airline_Name, net_income, load_factor, operating_revenue, operating_income, fuel_cost, CARES_FLAG1, CARES_Flag) VALUES (1, 'Frontier Airlines', -163595, 73.713333, 263919, 22157.10, 52101679, 'Normal_Period', 'Normal_Period');
INSERT INTO Fact_Financials_Master (Date_Key, Airline_Name, net_income, load_factor, operating_revenue, operating_income, fuel_cost, CARES_FLAG1, CARES_Flag) VALUES (1, 'Allegiant Airlines', 40267, 90.526667, 137009, 41209.00, 35933971, 'Normal_Period', 'Normal_Period');
INSERT INTO Fact_Financials_Master (Date_Key, Airline_Name, net_income, load_factor, operating_revenue, operating_income, fuel_cost, CARES_FLAG1, CARES_Flag) VALUES (1, 'Hawaiian Airlines', 24494, 84.176667, 288681, 37056.64, 47725680, 'Normal_Period', 'Normal_Period');
INSERT INTO Fact_Financials_Master (Date_Key, Airline_Name, net_income, load_factor, operating_revenue, operating_income, fuel_cost, CARES_FLAG1, CARES_Flag) VALUES (1, 'Spirit Airlines', 18710, 79.626667, 170029, 30684.00, 35890000, 'Normal_Period', 'Normal_Period');
INSERT INTO Fact_Financials_Master (Date_Key, Airline_Name, net_income, load_factor, operating_revenue, operating_income, fuel_cost, CARES_FLAG1, CARES_Flag) VALUES (1, 'United Airlines', -380446, 79.270000, 3693574, -135835.00, 717066281, 'Normal_Period', 'Normal_Period');
INSERT INTO Fact_Financials_Master (Date_Key, Airline_Name, net_income, load_factor, operating_revenue, operating_income, fuel_cost, CARES_FLAG1, CARES_Flag) VALUES (1, 'Southwest Airlines', -90959, 69.726667, 2356573, -49950.00, 664187022, 'Normal_Period', 'Normal_Period');
INSERT INTO Fact_Financials_Master (Date_Key, Airline_Name, net_income, load_factor, operating_revenue, operating_income, fuel_cost, CARES_FLAG1, CARES_Flag) VALUES (2, 'American Airlines', -389835, 85.423333, 4885283, -259408.00, 1163954774, 'Normal_Period', 'Normal_Period');
INSERT INTO Fact_Financials_Master (Date_Key, Airline_Name, net_income, load_factor, operating_revenue, operating_income, fuel_cost, CARES_FLAG1, CARES_Flag) VALUES (2, 'Alaska Airlines', 25723, 79.106667, 749221, 31359.00, 122315952, 'Normal_Period', 'Normal_Period');
INSERT INTO Fact_Financials_Master (Date_Key, Airline_Name, net_income, load_factor, operating_revenue, operating_income, fuel_cost, CARES_FLAG1, CARES_Flag) VALUES (2, 'JetBlue Airlines', 20495, 80.516667, 807162, 64083.92, 226840604, 'Normal_Period', 'Normal_Period');
INSERT INTO Fact_Financials_Master (Date_Key, Airline_Name, net_income, load_factor, operating_revenue, operating_income, fuel_cost, CARES_FLAG1, CARES_Flag) VALUES (2, 'Delta Airlines', -264344, 86.980000, 4560316, -159039.00, 1172884952, 'Normal_Period', 'Normal_Period');
INSERT INTO Fact_Financials_Master (Date_Key, Airline_Name, net_income, load_factor, operating_revenue, operating_income, fuel_cost, CARES_FLAG1, CARES_Flag) VALUES (2, 'Frontier Airlines', 7208, 82.863333, 275609, 26280.05, 60049253, 'Normal_Period', 'Normal_Period');
INSERT INTO Fact_Financials_Master (Date_Key, Airline_Name, net_income, load_factor, operating_revenue, operating_income, fuel_cost, CARES_FLAG1, CARES_Flag) VALUES (2, 'Allegiant Airlines', 32979, 90.820000, 142158, 33849.00, 45149026, 'Normal_Period', 'Normal_Period');
INSERT INTO Fact_Financials_Master (Date_Key, Airline_Name, net_income, load_factor, operating_revenue, operating_income, fuel_cost, CARES_FLAG1, CARES_Flag) VALUES (2, 'Hawaiian Airlines', 28214, 86.653333, 292031, 32542.66, 52065016, 'Normal_Period', 'Normal_Period');
INSERT INTO Fact_Financials_Master (Date_Key, Airline_Name, net_income, load_factor, operating_revenue, operating_income, fuel_cost, CARES_FLAG1, CARES_Flag) VALUES (2, 'Spirit Airlines', 22818, 82.243333, 180407, 34681.00, 42743000, 'Normal_Period', 'Normal_Period');
INSERT INTO Fact_Financials_Master (Date_Key, Airline_Name, net_income, load_factor, operating_revenue, operating_income, fuel_cost, CARES_FLAG1, CARES_Flag) VALUES (2, 'United Airlines', 30782, 86.516667, 4020052, 172174.00, 782707780, 'Normal_Period', 'Normal_Period');
INSERT INTO Fact_Financials_Master (Date_Key, Airline_Name, net_income, load_factor, operating_revenue, operating_income, fuel_cost, CARES_FLAG1, CARES_Flag) VALUES (2, 'Southwest Airlines', 90720, 77.043333, 2615964, 123099.00, 691349106, 'Normal_Period', 'Normal_Period');
INSERT INTO Fact_Financials_Master (Date_Key, Airline_Name, net_income, load_factor, operating_revenue, operating_income, fuel_cost, CARES_FLAG1, CARES_Flag) VALUES (3, 'American Airlines', -376810, 85.183333, 5122153, -245897.00, 1270369512, 'Normal_Period', 'Normal_Period');
INSERT INTO Fact_Financials_Master (Date_Key, Airline_Name, net_income, load_factor, operating_revenue, operating_income, fuel_cost, CARES_FLAG1, CARES_Flag) VALUES (3, 'Alaska Airlines', 77312, 82.023333, 858940, 144603.00, 148005291, 'Normal_Period', 'Normal_Period');
INSERT INTO Fact_Financials_Master (Date_Key, Airline_Name, net_income, load_factor, operating_revenue, operating_income, fuel_cost, CARES_FLAG1, CARES_Flag) VALUES (3, 'JetBlue Airlines', 14831, 83.996667, 855531, 66257.52, 245603348, 'Normal_Period', 'Normal_Period');
INSERT INTO Fact_Financials_Master (Date_Key, Airline_Name, net_income, load_factor, operating_revenue, operating_income, fuel_cost, CARES_FLAG1, CARES_Flag) VALUES (3, 'Delta Airlines', -87359, 88.030000, 4795666, 67033.00, 1217848205, 'Normal_Period', 'Normal_Period');
INSERT INTO Fact_Financials_Master (Date_Key, Airline_Name, net_income, load_factor, operating_revenue, operating_income, fuel_cost, CARES_FLAG1, CARES_Flag) VALUES (3, 'Frontier Airlines', 286779, 87.283333, 301432, 31054.87, 72138140, 'Normal_Period', 'Normal_Period');
INSERT INTO Fact_Financials_Master (Date_Key, Airline_Name, net_income, load_factor, operating_revenue, operating_income, fuel_cost, CARES_FLAG1, CARES_Flag) VALUES (3, 'Allegiant Airlines', 17236, 89.866667, 127478, 18299.00, 47985455, 'Normal_Period', 'Normal_Period');
INSERT INTO Fact_Financials_Master (Date_Key, Airline_Name, net_income, load_factor, operating_revenue, operating_income, fuel_cost, CARES_FLAG1, CARES_Flag) VALUES (3, 'Hawaiian Airlines', 31342, 86.446667, 305664, 24463.42, 65644814, 'Normal_Period', 'Normal_Period');
INSERT INTO Fact_Financials_Master (Date_Key, Airline_Name, net_income, load_factor, operating_revenue, operating_income, fuel_cost, CARES_FLAG1, CARES_Flag) VALUES (3, 'Spirit Airlines', 14281, 83.296667, 178608, 25938.00, 53201000, 'Normal_Period', 'Normal_Period');
INSERT INTO Fact_Financials_Master (Date_Key, Airline_Name, net_income, load_factor, operating_revenue, operating_income, fuel_cost, CARES_FLAG1, CARES_Flag) VALUES (3, 'United Airlines', -54342, 86.563333, 4435164, 130159.00, 960760482, 'Normal_Period', 'Normal_Period');
INSERT INTO Fact_Financials_Master (Date_Key, Airline_Name, net_income, load_factor, operating_revenue, operating_income, fuel_cost, CARES_FLAG1, CARES_Flag) VALUES (3, 'Southwest Airlines', -16179, 79.380000, 2665584, 22177.00, 786032423, 'Normal_Period', 'Normal_Period');
INSERT INTO Fact_Financials_Master (Date_Key, Airline_Name, net_income, load_factor, operating_revenue, operating_income, fuel_cost, CARES_FLAG1, CARES_Flag) VALUES (4, 'American Airlines', -343475, 81.926667, 5056817, -430899.00, 1279900027, 'Normal_Period', 'Normal_Period');
INSERT INTO Fact_Financials_Master (Date_Key, Airline_Name, net_income, load_factor, operating_revenue, operating_income, fuel_cost, CARES_FLAG1, CARES_Flag) VALUES (5, 'American Airlines', -488786, 78.866667, 5062980, -321986.00, 1301968079, 'Normal_Period', 'Normal_Period');
INSERT INTO Fact_Financials_Master (Date_Key, Airline_Name, net_income, load_factor, operating_revenue, operating_income, fuel_cost, CARES_FLAG1, CARES_Flag) VALUES (6, 'American Airlines', -6818, 86.066667, 5669264, 159526.00, 1434209451, 'Normal_Period', 'Normal_Period');
INSERT INTO Fact_Financials_Master (Date_Key, Airline_Name, net_income, load_factor, operating_revenue, operating_income, fuel_cost, CARES_FLAG1, CARES_Flag) VALUES (7, 'American Airlines', 128583, 84.960000, 5837486, 290520.00, 1386611085, 'Normal_Period', 'Normal_Period');
INSERT INTO Fact_Financials_Master (Date_Key, Airline_Name, net_income, load_factor, operating_revenue, operating_income, fuel_cost, CARES_FLAG1, CARES_Flag) VALUES (8, 'American Airlines', -102197, 82.633333, 5581210, 23195.00, 1431008126, 'Normal_Period', 'Normal_Period');
INSERT INTO Fact_Financials_Master (Date_Key, Airline_Name, net_income, load_factor, operating_revenue, operating_income, fuel_cost, CARES_FLAG1, CARES_Flag) VALUES (9, 'American Airlines', -430511, 78.486667, 5527195, -265694.14, 1589853447, 'Normal_Period', 'Normal_Period');
INSERT INTO Fact_Financials_Master (Date_Key, Airline_Name, net_income, load_factor, operating_revenue, operating_income, fuel_cost, CARES_FLAG1, CARES_Flag) VALUES (10, 'American Airlines', -284356, 85.890000, 6108540, -116484.00, 1895494511, 'Normal_Period', 'Normal_Period');
INSERT INTO Fact_Financials_Master (Date_Key, Airline_Name, net_income, load_factor, operating_revenue, operating_income, fuel_cost, CARES_FLAG1, CARES_Flag) VALUES (11, 'American Airlines', -153152, 85.693333, 6370948, 9503.00, 1946783065, 'Normal_Period', 'Normal_Period');
INSERT INTO Fact_Financials_Master (Date_Key, Airline_Name, net_income, load_factor, operating_revenue, operating_income, fuel_cost, CARES_FLAG1, CARES_Flag) VALUES (12, 'American Airlines', -1097082, 83.883333, 5950882, -797426.00, 1720946322, 'Normal_Period', 'Normal_Period');
INSERT INTO Fact_Financials_Master (Date_Key, Airline_Name, net_income, load_factor, operating_revenue, operating_income, fuel_cost, CARES_FLAG1, CARES_Flag) VALUES (13, 'American Airlines', -1676208, 80.430000, 6031446, -101073.00, 1865086721, 'Normal_Period', 'Normal_Period');
INSERT INTO Fact_Financials_Master (Date_Key, Airline_Name, net_income, load_factor, operating_revenue, operating_income, fuel_cost, CARES_FLAG1, CARES_Flag) VALUES (14, 'American Airlines', -263749, 86.696667, 6447195, 121736.00, 1903104137, 'Normal_Period', 'Normal_Period');
INSERT INTO Fact_Financials_Master (Date_Key, Airline_Name, net_income, load_factor, operating_revenue, operating_income, fuel_cost, CARES_FLAG1, CARES_Flag) VALUES (15, 'American Airlines', -256922, 85.680000, 6421755, 26537.00, 1882491065, 'Normal_Period', 'Normal_Period');
INSERT INTO Fact_Financials_Master (Date_Key, Airline_Name, net_income, load_factor, operating_revenue, operating_income, fuel_cost, CARES_FLAG1, CARES_Flag) VALUES (47, 'American Airlines', -2275515, 63.120000, 3172266, -4945286.70, 420029455, 'CARES_Period', 'CARES_Period');
INSERT INTO Fact_Financials_Master (Date_Key, Airline_Name, net_income, load_factor, operating_revenue, operating_income, fuel_cost, CARES_FLAG1, CARES_Flag) VALUES (47, 'Southwest Airlines', -1156653, 45.403333, 1793075, -2658234.00, 369246273, 'CARES_Period', 'CARES_Period');
INSERT INTO Fact_Financials_Master (Date_Key, Airline_Name, net_income, load_factor, operating_revenue, operating_income, fuel_cost, CARES_FLAG1, CARES_Flag) VALUES (47, 'United Airlines', -1841017, 52.590000, 2488824, -3108526.93, 350995700, 'CARES_Period', 'CARES_Period');
INSERT INTO Fact_Financials_Master (Date_Key, Airline_Name, net_income, load_factor, operating_revenue, operating_income, fuel_cost, CARES_FLAG1, CARES_Flag) VALUES (47, 'Delta Airlines', -5381342, 43.243333, 3064708, -2292385.00, 410228181, 'CARES_Period', 'CARES_Period');
INSERT INTO Fact_Financials_Master (Date_Key, Airline_Name, net_income, load_factor, operating_revenue, operating_income, fuel_cost, CARES_FLAG1, CARES_Flag) VALUES (45, 'American Airlines', -2168980, 72.763333, 8513799, -2535836.17, 1301661027, 'Normal_Period', 'Normal_Period');
INSERT INTO Fact_Financials_Master (Date_Key, Airline_Name, net_income, load_factor, operating_revenue, operating_income, fuel_cost, CARES_FLAG1, CARES_Flag) VALUES (46, 'American Airlines', -1968013, 44.073333, 1622052, -4459137.82, 198861626, 'CARES_Period', 'CARES_Period');
INSERT INTO Fact_Financials_Master (Date_Key, Airline_Name, net_income, load_factor, operating_revenue, operating_income, fuel_cost, CARES_FLAG1, CARES_Flag) VALUES (46, 'Delta Airlines', -5691876, 34.210000, 1472123, -3517502.00, 332812728, 'CARES_Period', 'CARES_Period');
INSERT INTO Fact_Financials_Master (Date_Key, Airline_Name, net_income, load_factor, operating_revenue, operating_income, fuel_cost, CARES_FLAG1, CARES_Flag) VALUES (46, 'Southwest Airlines', -914941, 29.093333, 1007676, -2217663.00, 260101829, 'CARES_Period', 'CARES_Period');
INSERT INTO Fact_Financials_Master (Date_Key, Airline_Name, net_income, load_factor, operating_revenue, operating_income, fuel_cost, CARES_FLAG1, CARES_Flag) VALUES (46, 'United Airlines', -1625896, 34.976667, 1475477, -3225521.23, 167527133, 'CARES_Period', 'CARES_Period');
INSERT INTO Fact_Financials_Master (Date_Key, Airline_Name, net_income, load_factor, operating_revenue, operating_income, fuel_cost, CARES_FLAG1, CARES_Flag) VALUES (48, 'American Airlines', -2037012, 68.156667, 4026894, -2438663.13, 486961900, 'CARES_Period', 'CARES_Period');
INSERT INTO Fact_Financials_Master (Date_Key, Airline_Name, net_income, load_factor, operating_revenue, operating_income, fuel_cost, CARES_FLAG1, CARES_Flag) VALUES (48, 'United Airlines', -1896466, 63.066667, 3412579, -2586930.47, 487654916, 'CARES_Period', 'CARES_Period');
INSERT INTO Fact_Financials_Master (Date_Key, Airline_Name, net_income, load_factor, operating_revenue, operating_income, fuel_cost, CARES_FLAG1, CARES_Flag) VALUES (48, 'Delta Airlines', -792997, 43.886667, 3973935, -1736877.00, 609428451, 'CARES_Period', 'CARES_Period');
INSERT INTO Fact_Financials_Master (Date_Key, Airline_Name, net_income, load_factor, operating_revenue, operating_income, fuel_cost, CARES_FLAG1, CARES_Flag) VALUES (49, 'American Airlines', -1215616, 65.440000, 4007498, -3439576.16, 719347210, 'CARES_Period', 'CARES_Period');
INSERT INTO Fact_Financials_Master (Date_Key, Airline_Name, net_income, load_factor, operating_revenue, operating_income, fuel_cost, CARES_FLAG1, CARES_Flag) VALUES (49, 'United Airlines', -1356728, 63.443333, 3220602, -3190117.32, 613885788, 'CARES_Period', 'CARES_Period');
INSERT INTO Fact_Financials_Master (Date_Key, Airline_Name, net_income, load_factor, operating_revenue, operating_income, fuel_cost, CARES_FLAG1, CARES_Flag) VALUES (49, 'Delta Airlines', -1181408, 48.693333, 4152660, -2494911.00, 889222115, 'CARES_Period', 'CARES_Period');
INSERT INTO Fact_Financials_Master (Date_Key, Airline_Name, net_income, load_factor, operating_revenue, operating_income, fuel_cost, CARES_FLAG1, CARES_Flag) VALUES (16, 'American Airlines', 270778, 83.230000, 5924671, -6038.00, 1857853853, 'Normal_Period', 'Normal_Period');
INSERT INTO Fact_Financials_Master (Date_Key, Airline_Name, net_income, load_factor, operating_revenue, operating_income, fuel_cost, CARES_FLAG1, CARES_Flag) VALUES (48, 'Southwest Airlines', -908410, 54.053333, 2013376, -1168470.00, 350332421, 'CARES_Period', 'CARES_Period');
INSERT INTO Fact_Financials_Master (Date_Key, Airline_Name, net_income, load_factor, operating_revenue, operating_income, fuel_cost, CARES_FLAG1, CARES_Flag) VALUES (4, 'Alaska Airlines', 18691, 80.180000, 744701, 25648.00, 150875137, 'Normal_Period', 'Normal_Period');
INSERT INTO Fact_Financials_Master (Date_Key, Airline_Name, net_income, load_factor, operating_revenue, operating_income, fuel_cost, CARES_FLAG1, CARES_Flag) VALUES (17, 'American Airlines', -252848, 82.320000, 6085027, 46978.00, 1879909242, 'Normal_Period', 'Normal_Period');
INSERT INTO Fact_Financials_Master (Date_Key, Airline_Name, net_income, load_factor, operating_revenue, operating_income, fuel_cost, CARES_FLAG1, CARES_Flag) VALUES (4, 'JetBlue Airlines', 11456, 80.360000, 831830, 63484.69, 227034909, 'Normal_Period', 'Normal_Period');
INSERT INTO Fact_Financials_Master (Date_Key, Airline_Name, net_income, load_factor, operating_revenue, operating_income, fuel_cost, CARES_FLAG1, CARES_Flag) VALUES (49, 'Southwest Airlines', 115613, 63.520000, 2051624, -1017151.00, 455093551, 'CARES_Period', 'CARES_Period');
INSERT INTO Fact_Financials_Master (Date_Key, Airline_Name, net_income, load_factor, operating_revenue, operating_income, fuel_cost, CARES_FLAG1, CARES_Flag) VALUES (4, 'Delta Airlines', -47803, 82.490000, 4458506, -91765.00, 1004245752, 'Normal_Period', 'Normal_Period');
INSERT INTO Fact_Financials_Master (Date_Key, Airline_Name, net_income, load_factor, operating_revenue, operating_income, fuel_cost, CARES_FLAG1, CARES_Flag) VALUES (18, 'American Airlines', 227756, 87.036667, 6436819, 478048.00, 1825113708, 'Normal_Period', 'Normal_Period');
INSERT INTO Fact_Financials_Master (Date_Key, Airline_Name, net_income, load_factor, operating_revenue, operating_income, fuel_cost, CARES_FLAG1, CARES_Flag) VALUES (4, 'Frontier Airlines', -9777, 78.903333, 272437, -12589.37, 79304228, 'Normal_Period', 'Normal_Period');
INSERT INTO Fact_Financials_Master (Date_Key, Airline_Name, net_income, load_factor, operating_revenue, operating_income, fuel_cost, CARES_FLAG1, CARES_Flag) VALUES (47, 'Alaska Airlines', -501257, 47.303333, 700518, -985565.00, 97849924, 'CARES_Period', 'CARES_Period');
INSERT INTO Fact_Financials_Master (Date_Key, Airline_Name, net_income, load_factor, operating_revenue, operating_income, fuel_cost, CARES_FLAG1, CARES_Flag) VALUES (4, 'Allegiant Airlines', 14174, 90.176667, 129820, 15163.00, 49447773, 'Normal_Period', 'Normal_Period');
INSERT INTO Fact_Financials_Master (Date_Key, Airline_Name, net_income, load_factor, operating_revenue, operating_income, fuel_cost, CARES_FLAG1, CARES_Flag) VALUES (19, 'American Airlines', 289839, 85.270000, 6816608, 682591.00, 1894669053, 'Normal_Period', 'Normal_Period');
INSERT INTO Fact_Financials_Master (Date_Key, Airline_Name, net_income, load_factor, operating_revenue, operating_income, fuel_cost, CARES_FLAG1, CARES_Flag) VALUES (4, 'Hawaiian Airlines', 36049, 85.316667, 297243, 17178.81, 67457983, 'Normal_Period', 'Normal_Period');
INSERT INTO Fact_Financials_Master (Date_Key, Airline_Name, net_income, load_factor, operating_revenue, operating_income, fuel_cost, CARES_FLAG1, CARES_Flag) VALUES (53, 'American Airlines', -1577921, 79.080000, 8895596, -1695175.88, 1888371230, 'Normal_Period', 'Normal_Period');
INSERT INTO Fact_Financials_Master (Date_Key, Airline_Name, net_income, load_factor, operating_revenue, operating_income, fuel_cost, CARES_FLAG1, CARES_Flag) VALUES (4, 'Spirit Airlines', 27884, 79.390000, 170994, 20106.00, 45947000, 'Normal_Period', 'Normal_Period');
INSERT INTO Fact_Financials_Master (Date_Key, Airline_Name, net_income, load_factor, operating_revenue, operating_income, fuel_cost, CARES_FLAG1, CARES_Flag) VALUES (20, 'American Airlines', -1790454, 83.166667, 6421791, 280716.00, 1814912783, 'Normal_Period', 'Normal_Period');
INSERT INTO Fact_Financials_Master (Date_Key, Airline_Name, net_income, load_factor, operating_revenue, operating_income, fuel_cost, CARES_FLAG1, CARES_Flag) VALUES (4, 'United Airlines', -224113, 82.973333, 4210448, 81644.00, 916534377, 'Normal_Period', 'Normal_Period');
INSERT INTO Fact_Financials_Master (Date_Key, Airline_Name, net_income, load_factor, operating_revenue, operating_income, fuel_cost, CARES_FLAG1, CARES_Flag) VALUES (53, 'United Airlines', -1377168, 76.930000, 7566359, -1375235.78, 1764219818, 'Normal_Period', 'Normal_Period');
INSERT INTO Fact_Financials_Master (Date_Key, Airline_Name, net_income, load_factor, operating_revenue, operating_income, fuel_cost, CARES_FLAG1, CARES_Flag) VALUES (4, 'Southwest Airlines', 115790, 77.303333, 2712217, 166716.00, 758083595, 'Normal_Period', 'Normal_Period');
INSERT INTO Fact_Financials_Master (Date_Key, Airline_Name, net_income, load_factor, operating_revenue, operating_income, fuel_cost, CARES_FLAG1, CARES_Flag) VALUES (21, 'American Airlines', 400689, 82.970000, 6468962, 577408.00, 1820965998, 'Normal_Period', 'Normal_Period');
INSERT INTO Fact_Financials_Master (Date_Key, Airline_Name, net_income, load_factor, operating_revenue, operating_income, fuel_cost, CARES_FLAG1, CARES_Flag) VALUES (46, 'JetBlue Airlines', -320561, 32.443333, 214845, -714045.58, 29195127, 'CARES_Period', 'CARES_Period');
INSERT INTO Fact_Financials_Master (Date_Key, Airline_Name, net_income, load_factor, operating_revenue, operating_income, fuel_cost, CARES_FLAG1, CARES_Flag) VALUES (5, 'Alaska Airlines', 10749, 79.936667, 737612, 38000.00, 152121928, 'Normal_Period', 'Normal_Period');
INSERT INTO Fact_Financials_Master (Date_Key, Airline_Name, net_income, load_factor, operating_revenue, operating_income, fuel_cost, CARES_FLAG1, CARES_Flag) VALUES (22, 'American Airlines', 265411, 87.713333, 7152840, 718119.00, 1848515831, 'Normal_Period', 'Normal_Period');
INSERT INTO Fact_Financials_Master (Date_Key, Airline_Name, net_income, load_factor, operating_revenue, operating_income, fuel_cost, CARES_FLAG1, CARES_Flag) VALUES (5, 'JetBlue Airlines', -1398, 76.873333, 869619, 41576.05, 254493606, 'Normal_Period', 'Normal_Period');
INSERT INTO Fact_Financials_Master (Date_Key, Airline_Name, net_income, load_factor, operating_revenue, operating_income, fuel_cost, CARES_FLAG1, CARES_Flag) VALUES (50, 'United Airlines', -433825, 82.606667, 5471679, -1348832.51, 903958116, 'CARES_Period', 'CARES_Period');
INSERT INTO Fact_Financials_Master (Date_Key, Airline_Name, net_income, load_factor, operating_revenue, operating_income, fuel_cost, CARES_FLAG1, CARES_Flag) VALUES (5, 'Delta Airlines', -260733, 81.420000, 6879207, 107161.00, 1548361228, 'Normal_Period', 'Normal_Period');
INSERT INTO Fact_Financials_Master (Date_Key, Airline_Name, net_income, load_factor, operating_revenue, operating_income, fuel_cost, CARES_FLAG1, CARES_Flag) VALUES (23, 'American Airlines', 465461, 86.460000, 7054509, 697557.00, 1840157541, 'Normal_Period', 'Normal_Period');
INSERT INTO Fact_Financials_Master (Date_Key, Airline_Name, net_income, load_factor, operating_revenue, operating_income, fuel_cost, CARES_FLAG1, CARES_Flag) VALUES (5, 'Frontier Airlines', -13554, 74.756667, 269795, -21888.50, 86275535, 'Normal_Period', 'Normal_Period');
INSERT INTO Fact_Financials_Master (Date_Key, Airline_Name, net_income, load_factor, operating_revenue, operating_income, fuel_cost, CARES_FLAG1, CARES_Flag) VALUES (46, 'Alaska Airlines', -261577, 35.740000, 420489, -666145.00, 46042179, 'CARES_Period', 'CARES_Period');
INSERT INTO Fact_Financials_Master (Date_Key, Airline_Name, net_income, load_factor, operating_revenue, operating_income, fuel_cost, CARES_FLAG1, CARES_Flag) VALUES (5, 'Allegiant Airlines', 31915, 91.550000, 163657, 32688.00, 61472352, 'Normal_Period', 'Normal_Period');
INSERT INTO Fact_Financials_Master (Date_Key, Airline_Name, net_income, load_factor, operating_revenue, operating_income, fuel_cost, CARES_FLAG1, CARES_Flag) VALUES (24, 'American Airlines', 178177, 82.490000, 6464080, 344535.00, 1482134906, 'Normal_Period', 'Normal_Period');
INSERT INTO Fact_Financials_Master (Date_Key, Airline_Name, net_income, load_factor, operating_revenue, operating_income, fuel_cost, CARES_FLAG1, CARES_Flag) VALUES (5, 'Hawaiian Airlines', 1572, 84.453333, 298389, 6965.49, 67133683, 'Normal_Period', 'Normal_Period');
INSERT INTO Fact_Financials_Master (Date_Key, Airline_Name, net_income, load_factor, operating_revenue, operating_income, fuel_cost, CARES_FLAG1, CARES_Flag) VALUES (25, 'American Airlines', 568888, 82.533333, 6368699, 760228.79, 1031026090, 'Normal_Period', 'Normal_Period');
INSERT INTO Fact_Financials_Master (Date_Key, Airline_Name, net_income, load_factor, operating_revenue, operating_income, fuel_cost, CARES_FLAG1, CARES_Flag) VALUES (5, 'Spirit Airlines', 11277, 81.810000, 184051, 24125.00, 53856000, 'Normal_Period', 'Normal_Period');
INSERT INTO Fact_Financials_Master (Date_Key, Airline_Name, net_income, load_factor, operating_revenue, operating_income, fuel_cost, CARES_FLAG1, CARES_Flag) VALUES (47, 'JetBlue Airlines', -392373, 42.343333, 491939, -685253.39, 101316639, 'CARES_Period', 'CARES_Period');
INSERT INTO Fact_Financials_Master (Date_Key, Airline_Name, net_income, load_factor, operating_revenue, operating_income, fuel_cost, CARES_FLAG1, CARES_Flag) VALUES (5, 'United Airlines', -74098, 81.596667, 4243006, 94503.00, 938719391, 'Normal_Period', 'Normal_Period');
INSERT INTO Fact_Financials_Master (Date_Key, Airline_Name, net_income, load_factor, operating_revenue, operating_income, fuel_cost, CARES_FLAG1, CARES_Flag) VALUES (26, 'American Airlines', 1051543, 86.280000, 6818839, 1205547.30, 1149257064, 'Normal_Period', 'Normal_Period');
INSERT INTO Fact_Financials_Master (Date_Key, Airline_Name, net_income, load_factor, operating_revenue, operating_income, fuel_cost, CARES_FLAG1, CARES_Flag) VALUES (5, 'Southwest Airlines', 10788, 75.653333, 2630038, 54478.00, 783040831, 'Normal_Period', 'Normal_Period');
INSERT INTO Fact_Financials_Master (Date_Key, Airline_Name, net_income, load_factor, operating_revenue, operating_income, fuel_cost, CARES_FLAG1, CARES_Flag) VALUES (45, 'United Airlines', -1704038, 70.653333, 7978567, -971679.08, 1307507966, 'Normal_Period', 'Normal_Period');
INSERT INTO Fact_Financials_Master (Date_Key, Airline_Name, net_income, load_factor, operating_revenue, operating_income, fuel_cost, CARES_FLAG1, CARES_Flag) VALUES (27, 'American Airlines', 1722143, 88.110000, 10732390, 2002746.68, 1532765621, 'Normal_Period', 'Normal_Period');
INSERT INTO Fact_Financials_Master (Date_Key, Airline_Name, net_income, load_factor, operating_revenue, operating_income, fuel_cost, CARES_FLAG1, CARES_Flag) VALUES (6, 'Alaska Airlines', 60301, 82.416667, 872413, 135559.00, 175586335, 'Normal_Period', 'Normal_Period');
INSERT INTO Fact_Financials_Master (Date_Key, Airline_Name, net_income, load_factor, operating_revenue, operating_income, fuel_cost, CARES_FLAG1, CARES_Flag) VALUES (48, 'Alaska Airlines', -428642, 44.330000, 807401, -646730.00, 129732459, 'CARES_Period', 'CARES_Period');
INSERT INTO Fact_Financials_Master (Date_Key, Airline_Name, net_income, load_factor, operating_revenue, operating_income, fuel_cost, CARES_FLAG1, CARES_Flag) VALUES (6, 'JetBlue Airlines', 30801, 82.940000, 940188, 94786.25, 278864290, 'Normal_Period', 'Normal_Period');
INSERT INTO Fact_Financials_Master (Date_Key, Airline_Name, net_income, load_factor, operating_revenue, operating_income, fuel_cost, CARES_FLAG1, CARES_Flag) VALUES (28, 'American Airlines', 3750106, 86.183333, 9660917, 1063357.77, 1242051211, 'Normal_Period', 'Normal_Period');
INSERT INTO Fact_Financials_Master (Date_Key, Airline_Name, net_income, load_factor, operating_revenue, operating_income, fuel_cost, CARES_FLAG1, CARES_Flag) VALUES (6, 'Delta Airlines', 459576, 86.843333, 8205193, 920561.00, 1809776297, 'Normal_Period', 'Normal_Period');
INSERT INTO Fact_Financials_Master (Date_Key, Airline_Name, net_income, load_factor, operating_revenue, operating_income, fuel_cost, CARES_FLAG1, CARES_Flag) VALUES (49, 'Alaska Airlines', -188295, 50.960000, 796808, -611230.00, 183056454, 'CARES_Period', 'CARES_Period');
INSERT INTO Fact_Financials_Master (Date_Key, Airline_Name, net_income, load_factor, operating_revenue, operating_income, fuel_cost, CARES_FLAG1, CARES_Flag) VALUES (6, 'Frontier Airlines', -1486, 85.720000, 316200, -166.70, 106028030, 'Normal_Period', 'Normal_Period');
INSERT INTO Fact_Financials_Master (Date_Key, Airline_Name, net_income, load_factor, operating_revenue, operating_income, fuel_cost, CARES_FLAG1, CARES_Flag) VALUES (29, 'American Airlines', 710272, 83.140000, 9497067, 1323156.00, 939341523, 'Normal_Period', 'Normal_Period');
INSERT INTO Fact_Financials_Master (Date_Key, Airline_Name, net_income, load_factor, operating_revenue, operating_income, fuel_cost, CARES_FLAG1, CARES_Flag) VALUES (6, 'Allegiant Airlines', 21789, 91.823333, 160115, 22312.00, 66421881, 'Normal_Period', 'Normal_Period');
INSERT INTO Fact_Financials_Master (Date_Key, Airline_Name, net_income, load_factor, operating_revenue, operating_income, fuel_cost, CARES_FLAG1, CARES_Flag) VALUES (53, 'Delta Airlines', -905584, 79.170000, 9365458, -684114.00, 1801445799, 'Normal_Period', 'Normal_Period');
INSERT INTO Fact_Financials_Master (Date_Key, Airline_Name, net_income, load_factor, operating_revenue, operating_income, fuel_cost, CARES_FLAG1, CARES_Flag) VALUES (6, 'Hawaiian Airlines', 9877, 86.076667, 315923, 24910.16, 75386679, 'Normal_Period', 'Normal_Period');
INSERT INTO Fact_Financials_Master (Date_Key, Airline_Name, net_income, load_factor, operating_revenue, operating_income, fuel_cost, CARES_FLAG1, CARES_Flag) VALUES (30, 'American Airlines', 972247, 86.330000, 10449889, 1757273.41, 1219061714, 'Normal_Period', 'Normal_Period');
INSERT INTO Fact_Financials_Master (Date_Key, Airline_Name, net_income, load_factor, operating_revenue, operating_income, fuel_cost, CARES_FLAG1, CARES_Flag) VALUES (6, 'Spirit Airlines', -59312, 81.183333, 173395, -2172.00, 60695000, 'Normal_Period', 'Normal_Period');
INSERT INTO Fact_Financials_Master (Date_Key, Airline_Name, net_income, load_factor, operating_revenue, operating_income, fuel_cost, CARES_FLAG1, CARES_Flag) VALUES (48, 'JetBlue Airlines', -373435, 52.070000, 661323, -488925.72, 133934052, 'CARES_Period', 'CARES_Period');
INSERT INTO Fact_Financials_Master (Date_Key, Airline_Name, net_income, load_factor, operating_revenue, operating_income, fuel_cost, CARES_FLAG1, CARES_Flag) VALUES (6, 'United Airlines', 280790, 86.816667, 5162802, 524924.00, 1106298049, 'Normal_Period', 'Normal_Period');
INSERT INTO Fact_Financials_Master (Date_Key, Airline_Name, net_income, load_factor, operating_revenue, operating_income, fuel_cost, CARES_FLAG1, CARES_Flag) VALUES (31, 'American Airlines', 758111, 85.630000, 10688632, 1432349.56, 1314340830, 'Normal_Period', 'Normal_Period');
INSERT INTO Fact_Financials_Master (Date_Key, Airline_Name, net_income, load_factor, operating_revenue, operating_income, fuel_cost, CARES_FLAG1, CARES_Flag) VALUES (6, 'Southwest Airlines', 112214, 79.320000, 3168317, 362769.00, 893349762, 'Normal_Period', 'Normal_Period');
INSERT INTO Fact_Financials_Master (Date_Key, Airline_Name, net_income, load_factor, operating_revenue, operating_income, fuel_cost, CARES_FLAG1, CARES_Flag) VALUES (49, 'JetBlue Airlines', -246585, 67.560000, 732511, -581293.87, 193394073, 'CARES_Period', 'CARES_Period');
INSERT INTO Fact_Financials_Master (Date_Key, Airline_Name, net_income, load_factor, operating_revenue, operating_income, fuel_cost, CARES_FLAG1, CARES_Flag) VALUES (32, 'American Airlines', 340583, 84.123333, 9785949, 791407.43, 1259803638, 'Normal_Period', 'Normal_Period');
INSERT INTO Fact_Financials_Master (Date_Key, Airline_Name, net_income, load_factor, operating_revenue, operating_income, fuel_cost, CARES_FLAG1, CARES_Flag) VALUES (7, 'Alaska Airlines', 116142, 84.960000, 956147, 191558.00, 185882871, 'Normal_Period', 'Normal_Period');
INSERT INTO Fact_Financials_Master (Date_Key, Airline_Name, net_income, load_factor, operating_revenue, operating_income, fuel_cost, CARES_FLAG1, CARES_Flag) VALUES (50, 'American Airlines', 50899, 85.623333, 7477994, -1015902.15, 1148158301, 'CARES_Period', 'CARES_Period');
INSERT INTO Fact_Financials_Master (Date_Key, Airline_Name, net_income, load_factor, operating_revenue, operating_income, fuel_cost, CARES_FLAG1, CARES_Flag) VALUES (7, 'JetBlue Airlines', 58209, 84.773333, 1031700, 147680.19, 292167539, 'Normal_Period', 'Normal_Period');
INSERT INTO Fact_Financials_Master (Date_Key, Airline_Name, net_income, load_factor, operating_revenue, operating_income, fuel_cost, CARES_FLAG1, CARES_Flag) VALUES (33, 'American Airlines', 262590, 82.350000, 9620621, 603777.14, 1316998181, 'Normal_Period', 'Normal_Period');
INSERT INTO Fact_Financials_Master (Date_Key, Airline_Name, net_income, load_factor, operating_revenue, operating_income, fuel_cost, CARES_FLAG1, CARES_Flag) VALUES (7, 'Delta Airlines', 388696, 86.316667, 8987339, 1197653.00, 1958613863, 'Normal_Period', 'Normal_Period');
INSERT INTO Fact_Financials_Master (Date_Key, Airline_Name, net_income, load_factor, operating_revenue, operating_income, fuel_cost, CARES_FLAG1, CARES_Flag) VALUES (50, 'Delta Airlines', 641091, 74.510000, 7128296, -534558.00, 1399090614, 'CARES_Period', 'CARES_Period');
INSERT INTO Fact_Financials_Master (Date_Key, Airline_Name, net_income, load_factor, operating_revenue, operating_income, fuel_cost, CARES_FLAG1, CARES_Flag) VALUES (7, 'Frontier Airlines', 9556, 87.550000, 346103, 17565.80, 138654427, 'Normal_Period', 'Normal_Period');
INSERT INTO Fact_Financials_Master (Date_Key, Airline_Name, net_income, load_factor, operating_revenue, operating_income, fuel_cost, CARES_FLAG1, CARES_Flag) VALUES (34, 'American Airlines', 826895, 86.000000, 11101812, 1526949.72, 1414059555, 'Normal_Period', 'Normal_Period');
INSERT INTO Fact_Financials_Master (Date_Key, Airline_Name, net_income, load_factor, operating_revenue, operating_income, fuel_cost, CARES_FLAG1, CARES_Flag) VALUES (7, 'Allegiant Airlines', 14085, 90.000000, 155981, 14482.00, 65953853, 'Normal_Period', 'Normal_Period');
INSERT INTO Fact_Financials_Master (Date_Key, Airline_Name, net_income, load_factor, operating_revenue, operating_income, fuel_cost, CARES_FLAG1, CARES_Flag) VALUES (45, 'Delta Airlines', -511355, 72.780000, 8606741, -326044.00, 1378265322, 'Normal_Period', 'Normal_Period');
INSERT INTO Fact_Financials_Master (Date_Key, Airline_Name, net_income, load_factor, operating_revenue, operating_income, fuel_cost, CARES_FLAG1, CARES_Flag) VALUES (7, 'Hawaiian Airlines', 31760, 87.153333, 352700, 40593.93, 80610685, 'Normal_Period', 'Normal_Period');
INSERT INTO Fact_Financials_Master (Date_Key, Airline_Name, net_income, load_factor, operating_revenue, operating_income, fuel_cost, CARES_FLAG1, CARES_Flag) VALUES (35, 'American Airlines', 648700, 85.110000, 10875392, 1224775.95, 1486707737, 'Normal_Period', 'Normal_Period');
INSERT INTO Fact_Financials_Master (Date_Key, Airline_Name, net_income, load_factor, operating_revenue, operating_income, fuel_cost, CARES_FLAG1, CARES_Flag) VALUES (7, 'Spirit Airlines', 63944, 83.656667, 205259, 22586.00, 63565000, 'Normal_Period', 'Normal_Period');
INSERT INTO Fact_Financials_Master (Date_Key, Airline_Name, net_income, load_factor, operating_revenue, operating_income, fuel_cost, CARES_FLAG1, CARES_Flag) VALUES (52, 'American Airlines', -893185, 84.486667, 9426277, -778948.55, 1614820281, 'Normal_Period', 'Normal_Period');
INSERT INTO Fact_Financials_Master (Date_Key, Airline_Name, net_income, load_factor, operating_revenue, operating_income, fuel_cost, CARES_FLAG1, CARES_Flag) VALUES (7, 'United Airlines', 402531, 87.346667, 5395978, 565515.00, 1130835007, 'Normal_Period', 'Normal_Period');
INSERT INTO Fact_Financials_Master (Date_Key, Airline_Name, net_income, load_factor, operating_revenue, operating_income, fuel_cost, CARES_FLAG1, CARES_Flag) VALUES (36, 'American Airlines', 183552, 86.350000, 10597491, 676583.41, 1554820331, 'Normal_Period', 'Normal_Period');
INSERT INTO Fact_Financials_Master (Date_Key, Airline_Name, net_income, load_factor, operating_revenue, operating_income, fuel_cost, CARES_FLAG1, CARES_Flag) VALUES (7, 'Southwest Airlines', 204670, 80.733333, 3191758, 355056.00, 884503155, 'Normal_Period', 'Normal_Period');
INSERT INTO Fact_Financials_Master (Date_Key, Airline_Name, net_income, load_factor, operating_revenue, operating_income, fuel_cost, CARES_FLAG1, CARES_Flag) VALUES (56, 'Southwest Airlines', -220192, 83.256667, 6172186, -385541.00, 1514713785, 'Normal_Period', 'Normal_Period');
INSERT INTO Fact_Financials_Master (Date_Key, Airline_Name, net_income, load_factor, operating_revenue, operating_income, fuel_cost, CARES_FLAG1, CARES_Flag) VALUES (37, 'American Airlines', 236066, 83.933333, 10398290, 447172.26, 1666377350, 'Normal_Period', 'Normal_Period');
INSERT INTO Fact_Financials_Master (Date_Key, Airline_Name, net_income, load_factor, operating_revenue, operating_income, fuel_cost, CARES_FLAG1, CARES_Flag) VALUES (8, 'Alaska Airlines', 63282, 83.686667, 860453, 90134.00, 197831610, 'Normal_Period', 'Normal_Period');
INSERT INTO Fact_Financials_Master (Date_Key, Airline_Name, net_income, load_factor, operating_revenue, operating_income, fuel_cost, CARES_FLAG1, CARES_Flag) VALUES (38, 'American Airlines', 618941, 86.916667, 11639695, 1037383.54, 2002453602, 'Normal_Period', 'Normal_Period');
INSERT INTO Fact_Financials_Master (Date_Key, Airline_Name, net_income, load_factor, operating_revenue, operating_income, fuel_cost, CARES_FLAG1, CARES_Flag) VALUES (8, 'JetBlue Airlines', 9040, 82.416667, 939309, 60276.76, 289852121, 'Normal_Period', 'Normal_Period');
INSERT INTO Fact_Financials_Master (Date_Key, Airline_Name, net_income, load_factor, operating_revenue, operating_income, fuel_cost, CARES_FLAG1, CARES_Flag) VALUES (52, 'United Airlines', -645183, 82.763333, 8191597, -407185.65, 1510585611, 'Normal_Period', 'Normal_Period');
INSERT INTO Fact_Financials_Master (Date_Key, Airline_Name, net_income, load_factor, operating_revenue, operating_income, fuel_cost, CARES_FLAG1, CARES_Flag) VALUES (8, 'Delta Airlines', 98451, 82.446667, 7821963, 390405.00, 1862349102, 'Normal_Period', 'Normal_Period');
INSERT INTO Fact_Financials_Master (Date_Key, Airline_Name, net_income, load_factor, operating_revenue, operating_income, fuel_cost, CARES_FLAG1, CARES_Flag) VALUES (39, 'American Airlines', 402575, 84.860000, 11556035, 669382.78, 2126453519, 'Normal_Period', 'Normal_Period');
INSERT INTO Fact_Financials_Master (Date_Key, Airline_Name, net_income, load_factor, operating_revenue, operating_income, fuel_cost, CARES_FLAG1, CARES_Flag) VALUES (8, 'Frontier Airlines', -13895, 82.550000, 384851, -15930.16, 136431049, 'Normal_Period', 'Normal_Period');
INSERT INTO Fact_Financials_Master (Date_Key, Airline_Name, net_income, load_factor, operating_revenue, operating_income, fuel_cost, CARES_FLAG1, CARES_Flag) VALUES (40, 'American Airlines', 400485, 84.436667, 10935794, 569406.30, 1869468014, 'Normal_Period', 'Normal_Period');
INSERT INTO Fact_Financials_Master (Date_Key, Airline_Name, net_income, load_factor, operating_revenue, operating_income, fuel_cost, CARES_FLAG1, CARES_Flag) VALUES (8, 'Allegiant Airlines', 17157, 89.910000, 155706, 17310.77, 64459901, 'Normal_Period', 'Normal_Period');
INSERT INTO Fact_Financials_Master (Date_Key, Airline_Name, net_income, load_factor, operating_revenue, operating_income, fuel_cost, CARES_FLAG1, CARES_Flag) VALUES (46, 'Spirit Airlines', -144428, 54.133333, 138529, -342294.81, 19913791, 'CARES_Period', 'CARES_Period');
INSERT INTO Fact_Financials_Master (Date_Key, Airline_Name, net_income, load_factor, operating_revenue, operating_income, fuel_cost, CARES_FLAG1, CARES_Flag) VALUES (8, 'Hawaiian Airlines', 71166, 86.670000, 345209, 23026.50, 86073690, 'Normal_Period', 'Normal_Period');
INSERT INTO Fact_Financials_Master (Date_Key, Airline_Name, net_income, load_factor, operating_revenue, operating_income, fuel_cost, CARES_FLAG1, CARES_Flag) VALUES (41, 'American Airlines', 229855, 84.783333, 10580585, 345380.54, 1630714088, 'Normal_Period', 'Normal_Period');
INSERT INTO Fact_Financials_Master (Date_Key, Airline_Name, net_income, load_factor, operating_revenue, operating_income, fuel_cost, CARES_FLAG1, CARES_Flag) VALUES (8, 'Spirit Airlines', 9530, 85.360000, 216200, 21975.17, 70046947, 'Normal_Period', 'Normal_Period');
INSERT INTO Fact_Financials_Master (Date_Key, Airline_Name, net_income, load_factor, operating_revenue, operating_income, fuel_cost, CARES_FLAG1, CARES_Flag) VALUES (16, 'United Airlines', -574336, 84.350000, 8703439, -455535.96, 2401929622, 'Normal_Period', 'Normal_Period');
INSERT INTO Fact_Financials_Master (Date_Key, Airline_Name, net_income, load_factor, operating_revenue, operating_income, fuel_cost, CARES_FLAG1, CARES_Flag) VALUES (8, 'United Airlines', -207625, 84.173333, 4880534, 83410.00, 1131262699, 'Normal_Period', 'Normal_Period');
INSERT INTO Fact_Financials_Master (Date_Key, Airline_Name, net_income, load_factor, operating_revenue, operating_income, fuel_cost, CARES_FLAG1, CARES_Flag) VALUES (42, 'American Airlines', 713914, 89.730000, 11958148, 1127083.14, 1887366245, 'Normal_Period', 'Normal_Period');
INSERT INTO Fact_Financials_Master (Date_Key, Airline_Name, net_income, load_factor, operating_revenue, operating_income, fuel_cost, CARES_FLAG1, CARES_Flag) VALUES (8, 'Southwest Airlines', 131236, 80.700000, 3113597, 215531.00, 900272436, 'Normal_Period', 'Normal_Period');
INSERT INTO Fact_Financials_Master (Date_Key, Airline_Name, net_income, load_factor, operating_revenue, operating_income, fuel_cost, CARES_FLAG1, CARES_Flag) VALUES (51, 'American Airlines', 280351, 84.200000, 8968261, -426907.41, 1411999175, 'Normal_Period', 'Normal_Period');
INSERT INTO Fact_Financials_Master (Date_Key, Airline_Name, net_income, load_factor, operating_revenue, operating_income, fuel_cost, CARES_FLAG1, CARES_Flag) VALUES (43, 'American Airlines', 507896, 87.480000, 11909847, 828289.03, 1887150003, 'Normal_Period', 'Normal_Period');
INSERT INTO Fact_Financials_Master (Date_Key, Airline_Name, net_income, load_factor, operating_revenue, operating_income, fuel_cost, CARES_FLAG1, CARES_Flag) VALUES (9, 'Alaska Airlines', 79837, 82.976667, 962809, 46459.00, 271969873, 'Normal_Period', 'Normal_Period');
INSERT INTO Fact_Financials_Master (Date_Key, Airline_Name, net_income, load_factor, operating_revenue, operating_income, fuel_cost, CARES_FLAG1, CARES_Flag) VALUES (21, 'United Airlines', -579988, 85.093333, 8696283, -340694.86, 2253932922, 'Normal_Period', 'Normal_Period');
INSERT INTO Fact_Financials_Master (Date_Key, Airline_Name, net_income, load_factor, operating_revenue, operating_income, fuel_cost, CARES_FLAG1, CARES_Flag) VALUES (9, 'JetBlue Airlines', 3364, 81.846667, 1012854, 44904.24, 352790622, 'Normal_Period', 'Normal_Period');
INSERT INTO Fact_Financials_Master (Date_Key, Airline_Name, net_income, load_factor, operating_revenue, operating_income, fuel_cost, CARES_FLAG1, CARES_Flag) VALUES (44, 'American Airlines', 520460, 85.440000, 11312544, 746014.71, 1727832692, 'Normal_Period', 'Normal_Period');
INSERT INTO Fact_Financials_Master (Date_Key, Airline_Name, net_income, load_factor, operating_revenue, operating_income, fuel_cost, CARES_FLAG1, CARES_Flag) VALUES (9, 'Delta Airlines', -295020, 80.373333, 7798984, -74431.00, 2093561204, 'Normal_Period', 'Normal_Period');
INSERT INTO Fact_Financials_Master (Date_Key, Airline_Name, net_income, load_factor, operating_revenue, operating_income, fuel_cost, CARES_FLAG1, CARES_Flag) VALUES (54, 'American Airlines', 522137, 91.110000, 13421089, 1034485.20, 3099591671, 'Normal_Period', 'Normal_Period');
INSERT INTO Fact_Financials_Master (Date_Key, Airline_Name, net_income, load_factor, operating_revenue, operating_income, fuel_cost, CARES_FLAG1, CARES_Flag) VALUES (9, 'Frontier Airlines', -36469, 79.733333, 387055, -56925.98, 157364350, 'Normal_Period', 'Normal_Period');
INSERT INTO Fact_Financials_Master (Date_Key, Airline_Name, net_income, load_factor, operating_revenue, operating_income, fuel_cost, CARES_FLAG1, CARES_Flag) VALUES (53, 'JetBlue Airlines', -254675, 71.260000, 1736049, -369175.38, 570974244, 'Normal_Period', 'Normal_Period');
INSERT INTO Fact_Financials_Master (Date_Key, Airline_Name, net_income, load_factor, operating_revenue, operating_income, fuel_cost, CARES_FLAG1, CARES_Flag) VALUES (9, 'Allegiant Airlines', 23384, 92.826667, 185072, 23610.76, 86159971, 'Normal_Period', 'Normal_Period');
INSERT INTO Fact_Financials_Master (Date_Key, Airline_Name, net_income, load_factor, operating_revenue, operating_income, fuel_cost, CARES_FLAG1, CARES_Flag) VALUES (24, 'Delta Airlines', -702544, 85.253333, 9658947, -772361.00, 2089326627, 'Normal_Period', 'Normal_Period');
INSERT INTO Fact_Financials_Master (Date_Key, Airline_Name, net_income, load_factor, operating_revenue, operating_income, fuel_cost, CARES_FLAG1, CARES_Flag) VALUES (9, 'Hawaiian Airlines', 2376, 85.706667, 366149, -3579.86, 105450695, 'Normal_Period', 'Normal_Period');
INSERT INTO Fact_Financials_Master (Date_Key, Airline_Name, net_income, load_factor, operating_revenue, operating_income, fuel_cost, CARES_FLAG1, CARES_Flag) VALUES (56, 'Spirit Airlines', -270664, 81.596667, 1391310, -305729.46, 494255264, 'Normal_Period', 'Normal_Period');
INSERT INTO Fact_Financials_Master (Date_Key, Airline_Name, net_income, load_factor, operating_revenue, operating_income, fuel_cost, CARES_FLAG1, CARES_Flag) VALUES (9, 'Spirit Airlines', 6377, 84.686667, 232662, 26844.18, 70366749, 'Normal_Period', 'Normal_Period');
INSERT INTO Fact_Financials_Master (Date_Key, Airline_Name, net_income, load_factor, operating_revenue, operating_income, fuel_cost, CARES_FLAG1, CARES_Flag) VALUES (49, 'Spirit Airlines', -112321, 74.376667, 461279, -280283.79, 142930488, 'CARES_Period', 'CARES_Period');
INSERT INTO Fact_Financials_Master (Date_Key, Airline_Name, net_income, load_factor, operating_revenue, operating_income, fuel_cost, CARES_FLAG1, CARES_Flag) VALUES (9, 'United Airlines', -159711, 82.540000, 4675619, 9616.65, 1258902773, 'Normal_Period', 'Normal_Period');
INSERT INTO Fact_Financials_Master (Date_Key, Airline_Name, net_income, load_factor, operating_revenue, operating_income, fuel_cost, CARES_FLAG1, CARES_Flag) VALUES (12, 'United Airlines', -254571, 86.446667, 5052795, -134214.82, 1378675451, 'Normal_Period', 'Normal_Period');
INSERT INTO Fact_Financials_Master (Date_Key, Airline_Name, net_income, load_factor, operating_revenue, operating_income, fuel_cost, CARES_FLAG1, CARES_Flag) VALUES (9, 'Southwest Airlines', 4854, 78.176667, 3102893, 114098.00, 987209990, 'Normal_Period', 'Normal_Period');
INSERT INTO Fact_Financials_Master (Date_Key, Airline_Name, net_income, load_factor, operating_revenue, operating_income, fuel_cost, CARES_FLAG1, CARES_Flag) VALUES (53, 'Alaska Airlines', -89902, 76.040000, 1680082, -273161.00, 436216443, 'Normal_Period', 'Normal_Period');
INSERT INTO Fact_Financials_Master (Date_Key, Airline_Name, net_income, load_factor, operating_revenue, operating_income, fuel_cost, CARES_FLAG1, CARES_Flag) VALUES (47, 'Spirit Airlines', -99140, 69.480000, 401922, -250132.42, 94284578, 'CARES_Period', 'CARES_Period');
INSERT INTO Fact_Financials_Master (Date_Key, Airline_Name, net_income, load_factor, operating_revenue, operating_income, fuel_cost, CARES_FLAG1, CARES_Flag) VALUES (10, 'Alaska Airlines', 41679, 84.730000, 1108279, 132319.00, 321141368, 'Normal_Period', 'Normal_Period');
INSERT INTO Fact_Financials_Master (Date_Key, Airline_Name, net_income, load_factor, operating_revenue, operating_income, fuel_cost, CARES_FLAG1, CARES_Flag) VALUES (45, 'Alaska Airlines', -210182, 68.803333, 1634978, -256903.00, 316901620, 'Normal_Period', 'Normal_Period');
INSERT INTO Fact_Financials_Master (Date_Key, Airline_Name, net_income, load_factor, operating_revenue, operating_income, fuel_cost, CARES_FLAG1, CARES_Flag) VALUES (10, 'JetBlue Airlines', 25039, 82.016667, 1152580, 86711.07, 439547116, 'Normal_Period', 'Normal_Period');
INSERT INTO Fact_Financials_Master (Date_Key, Airline_Name, net_income, load_factor, operating_revenue, operating_income, fuel_cost, CARES_FLAG1, CARES_Flag) VALUES (55, 'American Airlines', 539309, 86.786667, 13461344, 934963.19, 3038963346, 'Normal_Period', 'Normal_Period');
INSERT INTO Fact_Financials_Master (Date_Key, Airline_Name, net_income, load_factor, operating_revenue, operating_income, fuel_cost, CARES_FLAG1, CARES_Flag) VALUES (10, 'Delta Airlines', 235953, 86.490000, 9174016, 633968.00, 2573873381, 'Normal_Period', 'Normal_Period');
INSERT INTO Fact_Financials_Master (Date_Key, Airline_Name, net_income, load_factor, operating_revenue, operating_income, fuel_cost, CARES_FLAG1, CARES_Flag) VALUES (10, 'Frontier Airlines', -23509, 88.310000, 454390, -36144.69, 187347919, 'Normal_Period', 'Normal_Period');
INSERT INTO Fact_Financials_Master (Date_Key, Airline_Name, net_income, load_factor, operating_revenue, operating_income, fuel_cost, CARES_FLAG1, CARES_Flag) VALUES (56, 'American Airlines', 854459, 85.560000, 13187523, 1379327.41, 2723071403, 'Normal_Period', 'Normal_Period');
INSERT INTO Fact_Financials_Master (Date_Key, Airline_Name, net_income, load_factor, operating_revenue, operating_income, fuel_cost, CARES_FLAG1, CARES_Flag) VALUES (10, 'Allegiant Airlines', 13940, 91.966667, 190996, 14177.08, 93449872, 'Normal_Period', 'Normal_Period');
INSERT INTO Fact_Financials_Master (Date_Key, Airline_Name, net_income, load_factor, operating_revenue, operating_income, fuel_cost, CARES_FLAG1, CARES_Flag) VALUES (47, 'Hawaiian Airlines', -95932, 25.596667, 76089, -249978.86, 14859507, 'CARES_Period', 'CARES_Period');
INSERT INTO Fact_Financials_Master (Date_Key, Airline_Name, net_income, load_factor, operating_revenue, operating_income, fuel_cost, CARES_FLAG1, CARES_Flag) VALUES (10, 'Hawaiian Airlines', -46951, 86.806667, 395065, -69033.75, 130926919, 'Normal_Period', 'Normal_Period');
INSERT INTO Fact_Financials_Master (Date_Key, Airline_Name, net_income, load_factor, operating_revenue, operating_income, fuel_cost, CARES_FLAG1, CARES_Flag) VALUES (10, 'Spirit Airlines', 14099, 85.963333, 275891, 34958.59, 107322012, 'Normal_Period', 'Normal_Period');
INSERT INTO Fact_Financials_Master (Date_Key, Airline_Name, net_income, load_factor, operating_revenue, operating_income, fuel_cost, CARES_FLAG1, CARES_Flag) VALUES (10, 'United Airlines', 281883, 87.993333, 5570539, 440810.61, 1559594877, 'Normal_Period', 'Normal_Period');
INSERT INTO Fact_Financials_Master (Date_Key, Airline_Name, net_income, load_factor, operating_revenue, operating_income, fuel_cost, CARES_FLAG1, CARES_Flag) VALUES (10, 'Southwest Airlines', 187604, 81.830000, 3595869, 195176.00, 1258326184, 'Normal_Period', 'Normal_Period');
INSERT INTO Fact_Financials_Master (Date_Key, Airline_Name, net_income, load_factor, operating_revenue, operating_income, fuel_cost, CARES_FLAG1, CARES_Flag) VALUES (46, 'Hawaiian Airlines', -80870, 21.690000, 59502, -222458.54, 6747233, 'CARES_Period', 'CARES_Period');
INSERT INTO Fact_Financials_Master (Date_Key, Airline_Name, net_income, load_factor, operating_revenue, operating_income, fuel_cost, CARES_FLAG1, CARES_Flag) VALUES (11, 'Alaska Airlines', 75284, 86.846667, 1196092, 219916.00, 311519634, 'Normal_Period', 'Normal_Period');
INSERT INTO Fact_Financials_Master (Date_Key, Airline_Name, net_income, load_factor, operating_revenue, operating_income, fuel_cost, CARES_FLAG1, CARES_Flag) VALUES (11, 'JetBlue Airlines', 34298, 84.843333, 1196484, 108361.38, 453761732, 'Normal_Period', 'Normal_Period');
INSERT INTO Fact_Financials_Master (Date_Key, Airline_Name, net_income, load_factor, operating_revenue, operating_income, fuel_cost, CARES_FLAG1, CARES_Flag) VALUES (13, 'United Airlines', -431097, 82.080000, 8603978, -266536.36, 2514589850, 'Normal_Period', 'Normal_Period');
INSERT INTO Fact_Financials_Master (Date_Key, Airline_Name, net_income, load_factor, operating_revenue, operating_income, fuel_cost, CARES_FLAG1, CARES_Flag) VALUES (11, 'Delta Airlines', 562182, 87.463333, 9889548, 866109.00, 2601127091, 'Normal_Period', 'Normal_Period');
INSERT INTO Fact_Financials_Master (Date_Key, Airline_Name, net_income, load_factor, operating_revenue, operating_income, fuel_cost, CARES_FLAG1, CARES_Flag) VALUES (11, 'Frontier Airlines', 551, 90.753333, 481967, 2431.37, 137756224, 'Normal_Period', 'Normal_Period');
INSERT INTO Fact_Financials_Master (Date_Key, Airline_Name, net_income, load_factor, operating_revenue, operating_income, fuel_cost, CARES_FLAG1, CARES_Flag) VALUES (11, 'Allegiant Airlines', 10722, 91.880000, 182623, 10944.59, 90049943, 'Normal_Period', 'Normal_Period');
INSERT INTO Fact_Financials_Master (Date_Key, Airline_Name, net_income, load_factor, operating_revenue, operating_income, fuel_cost, CARES_FLAG1, CARES_Flag) VALUES (49, 'Frontier Airlines', -91053, 70.313333, 271196, -216406.79, 70746673, 'CARES_Period', 'CARES_Period');
INSERT INTO Fact_Financials_Master (Date_Key, Airline_Name, net_income, load_factor, operating_revenue, operating_income, fuel_cost, CARES_FLAG1, CARES_Flag) VALUES (11, 'Hawaiian Airlines', 28374, 86.346667, 455894, 61726.65, 131788395, 'Normal_Period', 'Normal_Period');
INSERT INTO Fact_Financials_Master (Date_Key, Airline_Name, net_income, load_factor, operating_revenue, operating_income, fuel_cost, CARES_FLAG1, CARES_Flag) VALUES (11, 'Spirit Airlines', 22873, 87.400000, 288714, 44556.16, 104984443, 'Normal_Period', 'Normal_Period');
INSERT INTO Fact_Financials_Master (Date_Key, Airline_Name, net_income, load_factor, operating_revenue, operating_income, fuel_cost, CARES_FLAG1, CARES_Flag) VALUES (49, 'Hawaiian Airlines', -59013, 44.523333, 181505, -218999.76, 47029701, 'CARES_Period', 'CARES_Period');
INSERT INTO Fact_Financials_Master (Date_Key, Airline_Name, net_income, load_factor, operating_revenue, operating_income, fuel_cost, CARES_FLAG1, CARES_Flag) VALUES (11, 'United Airlines', 414480, 88.923333, 5856265, 577761.58, 1590410007, 'Normal_Period', 'Normal_Period');
INSERT INTO Fact_Financials_Master (Date_Key, Airline_Name, net_income, load_factor, operating_revenue, operating_income, fuel_cost, CARES_FLAG1, CARES_Flag) VALUES (11, 'Southwest Airlines', -142708, 81.560000, 3552684, 206813.00, 1241328339, 'Normal_Period', 'Normal_Period');
INSERT INTO Fact_Financials_Master (Date_Key, Airline_Name, net_income, load_factor, operating_revenue, operating_income, fuel_cost, CARES_FLAG1, CARES_Flag) VALUES (46, 'Allegiant Airlines', -115137, 41.700000, 120468, -182057.84, 26835532, 'CARES_Period', 'CARES_Period');
INSERT INTO Fact_Financials_Master (Date_Key, Airline_Name, net_income, load_factor, operating_revenue, operating_income, fuel_cost, CARES_FLAG1, CARES_Flag) VALUES (12, 'Alaska Airlines', 59634, 85.380000, 1042422, 72377.00, 294273675, 'Normal_Period', 'Normal_Period');
INSERT INTO Fact_Financials_Master (Date_Key, Airline_Name, net_income, load_factor, operating_revenue, operating_income, fuel_cost, CARES_FLAG1, CARES_Flag) VALUES (53, 'Spirit Airlines', -194703, 79.296667, 967315, -211468.04, 368584859, 'Normal_Period', 'Normal_Period');
INSERT INTO Fact_Financials_Master (Date_Key, Airline_Name, net_income, load_factor, operating_revenue, operating_income, fuel_cost, CARES_FLAG1, CARES_Flag) VALUES (12, 'JetBlue Airlines', 23549, 83.076667, 1146981, 83936.21, 417506614, 'Normal_Period', 'Normal_Period');
INSERT INTO Fact_Financials_Master (Date_Key, Airline_Name, net_income, load_factor, operating_revenue, operating_income, fuel_cost, CARES_FLAG1, CARES_Flag) VALUES (12, 'Delta Airlines', 475404, 84.373333, 8453169, 819171.00, 2121631381, 'Normal_Period', 'Normal_Period');
INSERT INTO Fact_Financials_Master (Date_Key, Airline_Name, net_income, load_factor, operating_revenue, operating_income, fuel_cost, CARES_FLAG1, CARES_Flag) VALUES (48, 'Hawaiian Airlines', -157285, 40.606667, 148442, -202884.08, 25910706, 'CARES_Period', 'CARES_Period');
INSERT INTO Fact_Financials_Master (Date_Key, Airline_Name, net_income, load_factor, operating_revenue, operating_income, fuel_cost, CARES_FLAG1, CARES_Flag) VALUES (12, 'Frontier Airlines', -12628, 88.430000, 338502, -20835.92, 124192459, 'Normal_Period', 'Normal_Period');
INSERT INTO Fact_Financials_Master (Date_Key, Airline_Name, net_income, load_factor, operating_revenue, operating_income, fuel_cost, CARES_FLAG1, CARES_Flag) VALUES (12, 'Allegiant Airlines', 15631, 89.746667, 186346, 15671.78, 86715390, 'Normal_Period', 'Normal_Period');
INSERT INTO Fact_Financials_Master (Date_Key, Airline_Name, net_income, load_factor, operating_revenue, operating_income, fuel_cost, CARES_FLAG1, CARES_Flag) VALUES (48, 'Frontier Airlines', -126850, 65.566667, 266729, -183547.14, 46851965, 'CARES_Period', 'CARES_Period');
INSERT INTO Fact_Financials_Master (Date_Key, Airline_Name, net_income, load_factor, operating_revenue, operating_income, fuel_cost, CARES_FLAG1, CARES_Flag) VALUES (12, 'Hawaiian Airlines', 24168, 86.376667, 434013, 35705.93, 128504434, 'Normal_Period', 'Normal_Period');
INSERT INTO Fact_Financials_Master (Date_Key, Airline_Name, net_income, load_factor, operating_revenue, operating_income, fuel_cost, CARES_FLAG1, CARES_Flag) VALUES (12, 'Spirit Airlines', 23991, 85.880000, 273920, 38023.81, 94949228, 'Normal_Period', 'Normal_Period');
INSERT INTO Fact_Financials_Master (Date_Key, Airline_Name, net_income, load_factor, operating_revenue, operating_income, fuel_cost, CARES_FLAG1, CARES_Flag) VALUES (17, 'United Airlines', -361526, 84.186667, 8723110, -259884.00, 2381722866, 'Normal_Period', 'Normal_Period');
INSERT INTO Fact_Financials_Master (Date_Key, Airline_Name, net_income, load_factor, operating_revenue, operating_income, fuel_cost, CARES_FLAG1, CARES_Flag) VALUES (13, 'Hawaiian Airlines', 10538, 86.373333, 435555, 14172.33, 136185331, 'Normal_Period', 'Normal_Period');
INSERT INTO Fact_Financials_Master (Date_Key, Airline_Name, net_income, load_factor, operating_revenue, operating_income, fuel_cost, CARES_FLAG1, CARES_Flag) VALUES (12, 'Southwest Airlines', 150912, 81.030000, 3403195, 135986.00, 1176306740, 'Normal_Period', 'Normal_Period');
INSERT INTO Fact_Financials_Master (Date_Key, Airline_Name, net_income, load_factor, operating_revenue, operating_income, fuel_cost, CARES_FLAG1, CARES_Flag) VALUES (47, 'Frontier Airlines', -51604, 62.646667, 245098, -171881.20, 42076672, 'CARES_Period', 'CARES_Period');
INSERT INTO Fact_Financials_Master (Date_Key, Airline_Name, net_income, load_factor, operating_revenue, operating_income, fuel_cost, CARES_FLAG1, CARES_Flag) VALUES (14, 'Hawaiian Airlines', 7108, 87.650000, 484618, 30501.37, 146002457, 'Normal_Period', 'Normal_Period');
INSERT INTO Fact_Financials_Master (Date_Key, Airline_Name, net_income, load_factor, operating_revenue, operating_income, fuel_cost, CARES_FLAG1, CARES_Flag) VALUES (13, 'Alaska Airlines', 36770, 85.513333, 1037359, 45005.00, 311702473, 'Normal_Period', 'Normal_Period');
INSERT INTO Fact_Financials_Master (Date_Key, Airline_Name, net_income, load_factor, operating_revenue, operating_income, fuel_cost, CARES_FLAG1, CARES_Flag) VALUES (50, 'JetBlue Airlines', 63450, 82.173333, 1499000, -209350.62, 334889811, 'CARES_Period', 'CARES_Period');
INSERT INTO Fact_Financials_Master (Date_Key, Airline_Name, net_income, load_factor, operating_revenue, operating_income, fuel_cost, CARES_FLAG1, CARES_Flag) VALUES (13, 'JetBlue Airlines', 29673, 83.260000, 1203470, 81354.80, 432920962, 'Normal_Period', 'Normal_Period');
INSERT INTO Fact_Financials_Master (Date_Key, Airline_Name, net_income, load_factor, operating_revenue, operating_income, fuel_cost, CARES_FLAG1, CARES_Flag) VALUES (15, 'Hawaiian Airlines', 49054, 85.886667, 549365, 76430.92, 160785698, 'Normal_Period', 'Normal_Period');
INSERT INTO Fact_Financials_Master (Date_Key, Airline_Name, net_income, load_factor, operating_revenue, operating_income, fuel_cost, CARES_FLAG1, CARES_Flag) VALUES (13, 'Delta Airlines', 145841, 83.006667, 8493286, 381641.00, 2324388251, 'Normal_Period', 'Normal_Period');
INSERT INTO Fact_Financials_Master (Date_Key, Airline_Name, net_income, load_factor, operating_revenue, operating_income, fuel_cost, CARES_FLAG1, CARES_Flag) VALUES (16, 'Hawaiian Airlines', -441, 86.590000, 493032, 11579.00, 170550076, 'Normal_Period', 'Normal_Period');
INSERT INTO Fact_Financials_Master (Date_Key, Airline_Name, net_income, load_factor, operating_revenue, operating_income, fuel_cost, CARES_FLAG1, CARES_Flag) VALUES (13, 'Frontier Airlines', -13461, 84.876667, 342332, -20041.42, 128257485, 'Normal_Period', 'Normal_Period');
INSERT INTO Fact_Financials_Master (Date_Key, Airline_Name, net_income, load_factor, operating_revenue, operating_income, fuel_cost, CARES_FLAG1, CARES_Flag) VALUES (17, 'Hawaiian Airlines', -14349, 86.883333, 490248, -12382.46, 169833770, 'Normal_Period', 'Normal_Period');
INSERT INTO Fact_Financials_Master (Date_Key, Airline_Name, net_income, load_factor, operating_revenue, operating_income, fuel_cost, CARES_FLAG1, CARES_Flag) VALUES (13, 'Allegiant Airlines', 29168, 90.876667, 227560, 29288.31, 108314141, 'Normal_Period', 'Normal_Period');
INSERT INTO Fact_Financials_Master (Date_Key, Airline_Name, net_income, load_factor, operating_revenue, operating_income, fuel_cost, CARES_FLAG1, CARES_Flag) VALUES (18, 'Hawaiian Airlines', 14531, 88.803333, 533994, 39584.99, 164522215, 'Normal_Period', 'Normal_Period');
INSERT INTO Fact_Financials_Master (Date_Key, Airline_Name, net_income, load_factor, operating_revenue, operating_income, fuel_cost, CARES_FLAG1, CARES_Flag) VALUES (14, 'Delta Airlines', -150721, 87.733333, 9793003, 337484.00, 2690286399, 'Normal_Period', 'Normal_Period');
INSERT INTO Fact_Financials_Master (Date_Key, Airline_Name, net_income, load_factor, operating_revenue, operating_income, fuel_cost, CARES_FLAG1, CARES_Flag) VALUES (13, 'Spirit Airlines', 20004, 85.693333, 301495, 37247.87, 108724689, 'Normal_Period', 'Normal_Period');
INSERT INTO Fact_Financials_Master (Date_Key, Airline_Name, net_income, load_factor, operating_revenue, operating_income, fuel_cost, CARES_FLAG1, CARES_Flag) VALUES (19, 'Hawaiian Airlines', 42778, 87.793333, 599361, 75667.66, 176837020, 'Normal_Period', 'Normal_Period');
INSERT INTO Fact_Financials_Master (Date_Key, Airline_Name, net_income, load_factor, operating_revenue, operating_income, fuel_cost, CARES_FLAG1, CARES_Flag) VALUES (20, 'Hawaiian Airlines', 19398, 85.173333, 531951, 34335.11, 169789163, 'Normal_Period', 'Normal_Period');
INSERT INTO Fact_Financials_Master (Date_Key, Airline_Name, net_income, load_factor, operating_revenue, operating_income, fuel_cost, CARES_FLAG1, CARES_Flag) VALUES (13, 'Southwest Airlines', 108599, 77.896667, 3313519, 28190.00, 1181483145, 'Normal_Period', 'Normal_Period');
INSERT INTO Fact_Financials_Master (Date_Key, Airline_Name, net_income, load_factor, operating_revenue, operating_income, fuel_cost, CARES_FLAG1, CARES_Flag) VALUES (21, 'Hawaiian Airlines', -2966, 85.483333, 524328, 11636.75, 166333312, 'Normal_Period', 'Normal_Period');
INSERT INTO Fact_Financials_Master (Date_Key, Airline_Name, net_income, load_factor, operating_revenue, operating_income, fuel_cost, CARES_FLAG1, CARES_Flag) VALUES (14, 'Alaska Airlines', 66035, 87.313333, 1211528, 191012.00, 323310388, 'Normal_Period', 'Normal_Period');
INSERT INTO Fact_Financials_Master (Date_Key, Airline_Name, net_income, load_factor, operating_revenue, operating_income, fuel_cost, CARES_FLAG1, CARES_Flag) VALUES (45, 'JetBlue Airlines', -267924, 67.550000, 1588455, -130877.82, 365233830, 'Normal_Period', 'Normal_Period');
INSERT INTO Fact_Financials_Master (Date_Key, Airline_Name, net_income, load_factor, operating_revenue, operating_income, fuel_cost, CARES_FLAG1, CARES_Flag) VALUES (14, 'JetBlue Airlines', 52521, 85.620000, 1277328, 119946.86, 450311437, 'Normal_Period', 'Normal_Period');
INSERT INTO Fact_Financials_Master (Date_Key, Airline_Name, net_income, load_factor, operating_revenue, operating_income, fuel_cost, CARES_FLAG1, CARES_Flag) VALUES (22, 'Hawaiian Airlines', 29761, 85.393333, 574778, 54078.84, 169002345, 'Normal_Period', 'Normal_Period');
INSERT INTO Fact_Financials_Master (Date_Key, Airline_Name, net_income, load_factor, operating_revenue, operating_income, fuel_cost, CARES_FLAG1, CARES_Flag) VALUES (15, 'United Airlines', -25106, 86.393333, 9912178, 194794.37, 2640722924, 'Normal_Period', 'Normal_Period');
INSERT INTO Fact_Financials_Master (Date_Key, Airline_Name, net_income, load_factor, operating_revenue, operating_income, fuel_cost, CARES_FLAG1, CARES_Flag) VALUES (14, 'Frontier Airlines', 8542, 90.766667, 370715, 15471.20, 129728322, 'Normal_Period', 'Normal_Period');
INSERT INTO Fact_Financials_Master (Date_Key, Airline_Name, net_income, load_factor, operating_revenue, operating_income, fuel_cost, CARES_FLAG1, CARES_Flag) VALUES (23, 'Hawaiian Airlines', 38004, 85.403333, 638414, 105676.99, 175907058, 'Normal_Period', 'Normal_Period');
INSERT INTO Fact_Financials_Master (Date_Key, Airline_Name, net_income, load_factor, operating_revenue, operating_income, fuel_cost, CARES_FLAG1, CARES_Flag) VALUES (14, 'Allegiant Airlines', 33841, 90.106667, 220333, 34246.30, 100082601, 'Normal_Period', 'Normal_Period');
INSERT INTO Fact_Financials_Master (Date_Key, Airline_Name, net_income, load_factor, operating_revenue, operating_income, fuel_cost, CARES_FLAG1, CARES_Flag) VALUES (53, 'Southwest Airlines', -277849, 76.700000, 4693765, -150924.00, 953335734, 'Normal_Period', 'Normal_Period');
INSERT INTO Fact_Financials_Master (Date_Key, Airline_Name, net_income, load_factor, operating_revenue, operating_income, fuel_cost, CARES_FLAG1, CARES_Flag) VALUES (24, 'Hawaiian Airlines', 14988, 83.606667, 573681, 77448.63, 145623718, 'Normal_Period', 'Normal_Period');
INSERT INTO Fact_Financials_Master (Date_Key, Airline_Name, net_income, load_factor, operating_revenue, operating_income, fuel_cost, CARES_FLAG1, CARES_Flag) VALUES (14, 'Spirit Airlines', 29782, 85.730000, 346308, 55132.40, 120233446, 'Normal_Period', 'Normal_Period');
INSERT INTO Fact_Financials_Master (Date_Key, Airline_Name, net_income, load_factor, operating_revenue, operating_income, fuel_cost, CARES_FLAG1, CARES_Flag) VALUES (48, 'Spirit Airlines', -157305, 72.733333, 498490, -162624.29, 103597136, 'CARES_Period', 'CARES_Period');
INSERT INTO Fact_Financials_Master (Date_Key, Airline_Name, net_income, load_factor, operating_revenue, operating_income, fuel_cost, CARES_FLAG1, CARES_Flag) VALUES (14, 'United Airlines', 369559, 86.653333, 9940572, 576095.95, 2659303353, 'Normal_Period', 'Normal_Period');
INSERT INTO Fact_Financials_Master (Date_Key, Airline_Name, net_income, load_factor, operating_revenue, operating_income, fuel_cost, CARES_FLAG1, CARES_Flag) VALUES (25, 'Hawaiian Airlines', 32651, 81.520000, 539206, 72014.23, 106963294, 'Normal_Period', 'Normal_Period');
INSERT INTO Fact_Financials_Master (Date_Key, Airline_Name, net_income, load_factor, operating_revenue, operating_income, fuel_cost, CARES_FLAG1, CARES_Flag) VALUES (14, 'Southwest Airlines', 228340, 81.650000, 4615890, 459664.00, 1519353713, 'Normal_Period', 'Normal_Period');
INSERT INTO Fact_Financials_Master (Date_Key, Airline_Name, net_income, load_factor, operating_revenue, operating_income, fuel_cost, CARES_FLAG1, CARES_Flag) VALUES (26, 'Hawaiian Airlines', 50162, 84.506667, 570254, 92376.26, 107869286, 'Normal_Period', 'Normal_Period');
INSERT INTO Fact_Financials_Master (Date_Key, Airline_Name, net_income, load_factor, operating_revenue, operating_income, fuel_cost, CARES_FLAG1, CARES_Flag) VALUES (15, 'Alaska Airlines', 160670, 87.210000, 1270296, 237058.00, 329581189, 'Normal_Period', 'Normal_Period');
INSERT INTO Fact_Financials_Master (Date_Key, Airline_Name, net_income, load_factor, operating_revenue, operating_income, fuel_cost, CARES_FLAG1, CARES_Flag) VALUES (15, 'JetBlue Airlines', 44288, 84.683333, 1307179, 112968.46, 480689710, 'Normal_Period', 'Normal_Period');
INSERT INTO Fact_Financials_Master (Date_Key, Airline_Name, net_income, load_factor, operating_revenue, operating_income, fuel_cost, CARES_FLAG1, CARES_Flag) VALUES (27, 'Hawaiian Airlines', 71098, 84.900000, 630657, 156130.67, 101527462, 'Normal_Period', 'Normal_Period');
INSERT INTO Fact_Financials_Master (Date_Key, Airline_Name, net_income, load_factor, operating_revenue, operating_income, fuel_cost, CARES_FLAG1, CARES_Flag) VALUES (15, 'Delta Airlines', 1169931, 86.786667, 9979901, 1461050.00, 2622380178, 'Normal_Period', 'Normal_Period');
INSERT INTO Fact_Financials_Master (Date_Key, Airline_Name, net_income, load_factor, operating_revenue, operating_income, fuel_cost, CARES_FLAG1, CARES_Flag) VALUES (28, 'Hawaiian Airlines', 38956, 84.633333, 573040, 110502.30, 84447485, 'Normal_Period', 'Normal_Period');
INSERT INTO Fact_Financials_Master (Date_Key, Airline_Name, net_income, load_factor, operating_revenue, operating_income, fuel_cost, CARES_FLAG1, CARES_Flag) VALUES (15, 'Frontier Airlines', 18319, 92.270000, 375779, 31123.78, 133223808, 'Normal_Period', 'Normal_Period');
INSERT INTO Fact_Financials_Master (Date_Key, Airline_Name, net_income, load_factor, operating_revenue, operating_income, fuel_cost, CARES_FLAG1, CARES_Flag) VALUES (53, 'Hawaiian Airlines', -120940, 73.983333, 476541, -145747.16, 144039520, 'Normal_Period', 'Normal_Period');
INSERT INTO Fact_Financials_Master (Date_Key, Airline_Name, net_income, load_factor, operating_revenue, operating_income, fuel_cost, CARES_FLAG1, CARES_Flag) VALUES (15, 'Allegiant Airlines', 22119, 89.550000, 207146, 22427.45, 96113358, 'Normal_Period', 'Normal_Period');
INSERT INTO Fact_Financials_Master (Date_Key, Airline_Name, net_income, load_factor, operating_revenue, operating_income, fuel_cost, CARES_FLAG1, CARES_Flag) VALUES (29, 'Hawaiian Airlines', 53016, 82.913333, 547790, 95334.57, 66299120, 'Normal_Period', 'Normal_Period');
INSERT INTO Fact_Financials_Master (Date_Key, Airline_Name, net_income, load_factor, operating_revenue, operating_income, fuel_cost, CARES_FLAG1, CARES_Flag) VALUES (30, 'Hawaiian Airlines', 80739, 88.126667, 592384, 121457.21, 80547123, 'Normal_Period', 'Normal_Period');
INSERT INTO Fact_Financials_Master (Date_Key, Airline_Name, net_income, load_factor, operating_revenue, operating_income, fuel_cost, CARES_FLAG1, CARES_Flag) VALUES (15, 'Spirit Airlines', 26359, 86.733333, 342317, 49680.73, 121987358, 'Normal_Period', 'Normal_Period');
INSERT INTO Fact_Financials_Master (Date_Key, Airline_Name, net_income, load_factor, operating_revenue, operating_income, fuel_cost, CARES_FLAG1, CARES_Flag) VALUES (50, 'Southwest Airlines', 347738, 82.630000, 4007944, -130328.00, 776986147, 'CARES_Period', 'CARES_Period');
INSERT INTO Fact_Financials_Master (Date_Key, Airline_Name, net_income, load_factor, operating_revenue, operating_income, fuel_cost, CARES_FLAG1, CARES_Flag) VALUES (31, 'Hawaiian Airlines', 103518, 87.640000, 670114, 177784.94, 90381635, 'Normal_Period', 'Normal_Period');
INSERT INTO Fact_Financials_Master (Date_Key, Airline_Name, net_income, load_factor, operating_revenue, operating_income, fuel_cost, CARES_FLAG1, CARES_Flag) VALUES (15, 'Southwest Airlines', 16064, 81.916667, 4308455, 50733.00, 1474806598, 'Normal_Period', 'Normal_Period');
INSERT INTO Fact_Financials_Master (Date_Key, Airline_Name, net_income, load_factor, operating_revenue, operating_income, fuel_cost, CARES_FLAG1, CARES_Flag) VALUES (32, 'Hawaiian Airlines', 3168, 88.540000, 631236, 81131.18, 91760327, 'Normal_Period', 'Normal_Period');
INSERT INTO Fact_Financials_Master (Date_Key, Airline_Name, net_income, load_factor, operating_revenue, operating_income, fuel_cost, CARES_FLAG1, CARES_Flag) VALUES (33, 'Hawaiian Airlines', 38963, 87.090000, 612543, 71867.05, 99441345, 'Normal_Period', 'Normal_Period');
INSERT INTO Fact_Financials_Master (Date_Key, Airline_Name, net_income, load_factor, operating_revenue, operating_income, fuel_cost, CARES_FLAG1, CARES_Flag) VALUES (16, 'Alaska Airlines', 38126, 85.863333, 1130818, 88363.00, 323336303, 'Normal_Period', 'Normal_Period');
INSERT INTO Fact_Financials_Master (Date_Key, Airline_Name, net_income, load_factor, operating_revenue, operating_income, fuel_cost, CARES_FLAG1, CARES_Flag) VALUES (34, 'Hawaiian Airlines', 81839, 89.926667, 673608, 149368.48, 98522853, 'Normal_Period', 'Normal_Period');
INSERT INTO Fact_Financials_Master (Date_Key, Airline_Name, net_income, load_factor, operating_revenue, operating_income, fuel_cost, CARES_FLAG1, CARES_Flag) VALUES (16, 'JetBlue Airlines', 803, 83.140000, 1194037, 45430.32, 442274374, 'Normal_Period', 'Normal_Period');
INSERT INTO Fact_Financials_Master (Date_Key, Airline_Name, net_income, load_factor, operating_revenue, operating_income, fuel_cost, CARES_FLAG1, CARES_Flag) VALUES (54, 'United Airlines', 329940, 90.516667, 12111788, 877920.36, 3143025154, 'Normal_Period', 'Normal_Period');
INSERT INTO Fact_Financials_Master (Date_Key, Airline_Name, net_income, load_factor, operating_revenue, operating_income, fuel_cost, CARES_FLAG1, CARES_Flag) VALUES (16, 'Delta Airlines', -20422, 84.540000, 8650777, 468302.00, 2386443862, 'Normal_Period', 'Normal_Period');
INSERT INTO Fact_Financials_Master (Date_Key, Airline_Name, net_income, load_factor, operating_revenue, operating_income, fuel_cost, CARES_FLAG1, CARES_Flag) VALUES (35, 'Hawaiian Airlines', 75779, 88.530000, 717812, 175580.79, 105448874, 'Normal_Period', 'Normal_Period');
INSERT INTO Fact_Financials_Master (Date_Key, Airline_Name, net_income, load_factor, operating_revenue, operating_income, fuel_cost, CARES_FLAG1, CARES_Flag) VALUES (16, 'Frontier Airlines', -8665, 89.873333, 344640, 2837.21, 114522250, 'Normal_Period', 'Normal_Period');
INSERT INTO Fact_Financials_Master (Date_Key, Airline_Name, net_income, load_factor, operating_revenue, operating_income, fuel_cost, CARES_FLAG1, CARES_Flag) VALUES (45, 'Frontier Airlines', -59506, 73.600000, 543918, -99036.15, 117444790, 'Normal_Period', 'Normal_Period');
INSERT INTO Fact_Financials_Master (Date_Key, Airline_Name, net_income, load_factor, operating_revenue, operating_income, fuel_cost, CARES_FLAG1, CARES_Flag) VALUES (16, 'Allegiant Airlines', 20451, 86.623333, 214198, 20701.13, 96854910, 'Normal_Period', 'Normal_Period');
INSERT INTO Fact_Financials_Master (Date_Key, Airline_Name, net_income, load_factor, operating_revenue, operating_income, fuel_cost, CARES_FLAG1, CARES_Flag) VALUES (36, 'Hawaiian Airlines', 173197, 88.133333, 683957, 102022.87, 118986916, 'Normal_Period', 'Normal_Period');
INSERT INTO Fact_Financials_Master (Date_Key, Airline_Name, net_income, load_factor, operating_revenue, operating_income, fuel_cost, CARES_FLAG1, CARES_Flag) VALUES (47, 'Allegiant Airlines', -41594, 51.263333, 185964, -113499.15, 52738508, 'CARES_Period', 'CARES_Period');
INSERT INTO Fact_Financials_Master (Date_Key, Airline_Name, net_income, load_factor, operating_revenue, operating_income, fuel_cost, CARES_FLAG1, CARES_Flag) VALUES (16, 'Spirit Airlines', 19566, 85.800000, 328268, 31932.51, 120788404, 'Normal_Period', 'Normal_Period');
INSERT INTO Fact_Financials_Master (Date_Key, Airline_Name, net_income, load_factor, operating_revenue, operating_income, fuel_cost, CARES_FLAG1, CARES_Flag) VALUES (37, 'Hawaiian Airlines', 29848, 85.520000, 663413, 38847.78, 128572480, 'Normal_Period', 'Normal_Period');
INSERT INTO Fact_Financials_Master (Date_Key, Airline_Name, net_income, load_factor, operating_revenue, operating_income, fuel_cost, CARES_FLAG1, CARES_Flag) VALUES (16, 'Southwest Airlines', 78305, 79.650000, 4172732, 91357.00, 1451850390, 'Normal_Period', 'Normal_Period');
INSERT INTO Fact_Financials_Master (Date_Key, Airline_Name, net_income, load_factor, operating_revenue, operating_income, fuel_cost, CARES_FLAG1, CARES_Flag) VALUES (38, 'Hawaiian Airlines', 82842, 88.526667, 713127, 96798.44, 147267927, 'Normal_Period', 'Normal_Period');
INSERT INTO Fact_Financials_Master (Date_Key, Airline_Name, net_income, load_factor, operating_revenue, operating_income, fuel_cost, CARES_FLAG1, CARES_Flag) VALUES (39, 'Hawaiian Airlines', 95352, 85.910000, 756313, 119690.37, 157171969, 'Normal_Period', 'Normal_Period');
INSERT INTO Fact_Financials_Master (Date_Key, Airline_Name, net_income, load_factor, operating_revenue, operating_income, fuel_cost, CARES_FLAG1, CARES_Flag) VALUES (17, 'Alaska Airlines', 33894, 85.286667, 1131639, 82473.00, 329294599, 'Normal_Period', 'Normal_Period');
INSERT INTO Fact_Financials_Master (Date_Key, Airline_Name, net_income, load_factor, operating_revenue, operating_income, fuel_cost, CARES_FLAG1, CARES_Flag) VALUES (53, 'Frontier Airlines', -114881, 76.000000, 605147, -144711.96, 196495928, 'Normal_Period', 'Normal_Period');
INSERT INTO Fact_Financials_Master (Date_Key, Airline_Name, net_income, load_factor, operating_revenue, operating_income, fuel_cost, CARES_FLAG1, CARES_Flag) VALUES (17, 'JetBlue Airlines', 13840, 84.390000, 1298942, 58837.98, 467398387, 'Normal_Period', 'Normal_Period');
INSERT INTO Fact_Financials_Master (Date_Key, Airline_Name, net_income, load_factor, operating_revenue, operating_income, fuel_cost, CARES_FLAG1, CARES_Flag) VALUES (40, 'Hawaiian Airlines', 35222, 86.210000, 694362, 73987.82, 144660505, 'Normal_Period', 'Normal_Period');
INSERT INTO Fact_Financials_Master (Date_Key, Airline_Name, net_income, load_factor, operating_revenue, operating_income, fuel_cost, CARES_FLAG1, CARES_Flag) VALUES (17, 'Delta Airlines', 6760, 83.360000, 8509156, 322621.00, 2313115232, 'Normal_Period', 'Normal_Period');
INSERT INTO Fact_Financials_Master (Date_Key, Airline_Name, net_income, load_factor, operating_revenue, operating_income, fuel_cost, CARES_FLAG1, CARES_Flag) VALUES (45, 'Southwest Airlines', -94311, 67.116667, 4233934, -109526.00, 827505563, 'Normal_Period', 'Normal_Period');
INSERT INTO Fact_Financials_Master (Date_Key, Airline_Name, net_income, load_factor, operating_revenue, operating_income, fuel_cost, CARES_FLAG1, CARES_Flag) VALUES (17, 'Frontier Airlines', -17345, 88.573333, 310866, -26975.19, 109561421, 'Normal_Period', 'Normal_Period');
INSERT INTO Fact_Financials_Master (Date_Key, Airline_Name, net_income, load_factor, operating_revenue, operating_income, fuel_cost, CARES_FLAG1, CARES_Flag) VALUES (41, 'Hawaiian Airlines', 40083, 86.583333, 656089, 56859.96, 121072528, 'Normal_Period', 'Normal_Period');
INSERT INTO Fact_Financials_Master (Date_Key, Airline_Name, net_income, load_factor, operating_revenue, operating_income, fuel_cost, CARES_FLAG1, CARES_Flag) VALUES (17, 'Allegiant Airlines', 44446, 89.513333, 261539, 44674.56, 109905272, 'Normal_Period', 'Normal_Period');
INSERT INTO Fact_Financials_Master (Date_Key, Airline_Name, net_income, load_factor, operating_revenue, operating_income, fuel_cost, CARES_FLAG1, CARES_Flag) VALUES (33, 'United Airlines', 96745, 83.713333, 8420115, 278363.26, 1230499297, 'Normal_Period', 'Normal_Period');
INSERT INTO Fact_Financials_Master (Date_Key, Airline_Name, net_income, load_factor, operating_revenue, operating_income, fuel_cost, CARES_FLAG1, CARES_Flag) VALUES (42, 'Hawaiian Airlines', 61755, 88.426667, 711670, 93105.94, 135377593, 'Normal_Period', 'Normal_Period');
INSERT INTO Fact_Financials_Master (Date_Key, Airline_Name, net_income, load_factor, operating_revenue, operating_income, fuel_cost, CARES_FLAG1, CARES_Flag) VALUES (17, 'Spirit Airlines', 26796, 85.540000, 370437, 49668.96, 131665210, 'Normal_Period', 'Normal_Period');
INSERT INTO Fact_Financials_Master (Date_Key, Airline_Name, net_income, load_factor, operating_revenue, operating_income, fuel_cost, CARES_FLAG1, CARES_Flag) VALUES (43, 'Hawaiian Airlines', 85555, 88.326667, 754607, 123547.81, 133194830, 'Normal_Period', 'Normal_Period');
INSERT INTO Fact_Financials_Master (Date_Key, Airline_Name, net_income, load_factor, operating_revenue, operating_income, fuel_cost, CARES_FLAG1, CARES_Flag) VALUES (17, 'Southwest Airlines', 58528, 76.970000, 4084086, 70187.00, 1405425187, 'Normal_Period', 'Normal_Period');
INSERT INTO Fact_Financials_Master (Date_Key, Airline_Name, net_income, load_factor, operating_revenue, operating_income, fuel_cost, CARES_FLAG1, CARES_Flag) VALUES (44, 'Hawaiian Airlines', 50692, 85.596667, 707765, 70671.36, 131769461, 'Normal_Period', 'Normal_Period');
INSERT INTO Fact_Financials_Master (Date_Key, Airline_Name, net_income, load_factor, operating_revenue, operating_income, fuel_cost, CARES_FLAG1, CARES_Flag) VALUES (18, 'Alaska Airlines', 102209, 86.670000, 1255011, 189469.00, 319996680, 'Normal_Period', 'Normal_Period');
INSERT INTO Fact_Financials_Master (Date_Key, Airline_Name, net_income, load_factor, operating_revenue, operating_income, fuel_cost, CARES_FLAG1, CARES_Flag) VALUES (45, 'Hawaiian Airlines', -142438, 73.256667, 559162, -58680.98, 109070094, 'Normal_Period', 'Normal_Period');
INSERT INTO Fact_Financials_Master (Date_Key, Airline_Name, net_income, load_factor, operating_revenue, operating_income, fuel_cost, CARES_FLAG1, CARES_Flag) VALUES (18, 'JetBlue Airlines', 36352, 85.073333, 1334450, 93258.48, 464952967, 'Normal_Period', 'Normal_Period');
INSERT INTO Fact_Financials_Master (Date_Key, Airline_Name, net_income, load_factor, operating_revenue, operating_income, fuel_cost, CARES_FLAG1, CARES_Flag) VALUES (50, 'Hawaiian Airlines', -1192, 80.260000, 410021, -67047.54, 79194182, 'CARES_Period', 'CARES_Period');
INSERT INTO Fact_Financials_Master (Date_Key, Airline_Name, net_income, load_factor, operating_revenue, operating_income, fuel_cost, CARES_FLAG1, CARES_Flag) VALUES (18, 'Delta Airlines', 688701, 86.226667, 9715984, 948977.00, 2470906128, 'Normal_Period', 'Normal_Period');
INSERT INTO Fact_Financials_Master (Date_Key, Airline_Name, net_income, load_factor, operating_revenue, operating_income, fuel_cost, CARES_FLAG1, CARES_Flag) VALUES (52, 'JetBlue Airlines', -129060, 80.153333, 1834112, -121522.17, 461913641, 'Normal_Period', 'Normal_Period');
INSERT INTO Fact_Financials_Master (Date_Key, Airline_Name, net_income, load_factor, operating_revenue, operating_income, fuel_cost, CARES_FLAG1, CARES_Flag) VALUES (18, 'Frontier Airlines', 3009, 91.390000, 327672, 5692.91, 104395705, 'Normal_Period', 'Normal_Period');
INSERT INTO Fact_Financials_Master (Date_Key, Airline_Name, net_income, load_factor, operating_revenue, operating_income, fuel_cost, CARES_FLAG1, CARES_Flag) VALUES (51, 'Hawaiian Airlines', 16188, 78.303333, 508019, -33345.88, 102545131, 'Normal_Period', 'Normal_Period');
INSERT INTO Fact_Financials_Master (Date_Key, Airline_Name, net_income, load_factor, operating_revenue, operating_income, fuel_cost, CARES_FLAG1, CARES_Flag) VALUES (18, 'Allegiant Airlines', 35109, 89.460000, 245123, 35424.60, 98465722, 'Normal_Period', 'Normal_Period');
INSERT INTO Fact_Financials_Master (Date_Key, Airline_Name, net_income, load_factor, operating_revenue, operating_income, fuel_cost, CARES_FLAG1, CARES_Flag) VALUES (52, 'Hawaiian Airlines', -91065, 73.450000, 493331, -69723.75, 116031596, 'Normal_Period', 'Normal_Period');
INSERT INTO Fact_Financials_Master (Date_Key, Airline_Name, net_income, load_factor, operating_revenue, operating_income, fuel_cost, CARES_FLAG1, CARES_Flag) VALUES (46, 'Frontier Airlines', 17358, 44.840000, 194261, -80552.70, 12766450, 'CARES_Period', 'CARES_Period');
INSERT INTO Fact_Financials_Master (Date_Key, Airline_Name, net_income, load_factor, operating_revenue, operating_income, fuel_cost, CARES_FLAG1, CARES_Flag) VALUES (18, 'Spirit Airlines', 41965, 86.743333, 407339, 66757.16, 135252334, 'Normal_Period', 'Normal_Period');
INSERT INTO Fact_Financials_Master (Date_Key, Airline_Name, net_income, load_factor, operating_revenue, operating_income, fuel_cost, CARES_FLAG1, CARES_Flag) VALUES (54, 'Hawaiian Airlines', -38415, 88.553333, 689973, -27263.20, 217272261, 'Normal_Period', 'Normal_Period');
INSERT INTO Fact_Financials_Master (Date_Key, Airline_Name, net_income, load_factor, operating_revenue, operating_income, fuel_cost, CARES_FLAG1, CARES_Flag) VALUES (18, 'United Airlines', 484017, 86.973333, 10003024, 771078.03, 2379903938, 'Normal_Period', 'Normal_Period');
INSERT INTO Fact_Financials_Master (Date_Key, Airline_Name, net_income, load_factor, operating_revenue, operating_income, fuel_cost, CARES_FLAG1, CARES_Flag) VALUES (55, 'Hawaiian Airlines', -2661, 87.843333, 740429, 3681.48, 218359689, 'Normal_Period', 'Normal_Period');
INSERT INTO Fact_Financials_Master (Date_Key, Airline_Name, net_income, load_factor, operating_revenue, operating_income, fuel_cost, CARES_FLAG1, CARES_Flag) VALUES (18, 'Southwest Airlines', 224025, 81.486667, 4642505, 432731.00, 1413160201, 'Normal_Period', 'Normal_Period');
INSERT INTO Fact_Financials_Master (Date_Key, Airline_Name, net_income, load_factor, operating_revenue, operating_income, fuel_cost, CARES_FLAG1, CARES_Flag) VALUES (44, 'United Airlines', 642351, 84.126667, 10887402, 861703.36, 1745972023, 'Normal_Period', 'Normal_Period');
INSERT INTO Fact_Financials_Master (Date_Key, Airline_Name, net_income, load_factor, operating_revenue, operating_income, fuel_cost, CARES_FLAG1, CARES_Flag) VALUES (56, 'Hawaiian Airlines', -49096, 85.753333, 729398, -18279.23, 205303799, 'Normal_Period', 'Normal_Period');
INSERT INTO Fact_Financials_Master (Date_Key, Airline_Name, net_income, load_factor, operating_revenue, operating_income, fuel_cost, CARES_FLAG1, CARES_Flag) VALUES (19, 'Alaska Airlines', 285315, 86.383333, 1555316, 453766.00, 343697145, 'Normal_Period', 'Normal_Period');
INSERT INTO Fact_Financials_Master (Date_Key, Airline_Name, net_income, load_factor, operating_revenue, operating_income, fuel_cost, CARES_FLAG1, CARES_Flag) VALUES (51, 'United Airlines', 473256, 82.473333, 7749962, -95376.36, 1271458446, 'Normal_Period', 'Normal_Period');
INSERT INTO Fact_Financials_Master (Date_Key, Airline_Name, net_income, load_factor, operating_revenue, operating_income, fuel_cost, CARES_FLAG1, CARES_Flag) VALUES (19, 'JetBlue Airlines', 70761, 85.076667, 1442616, 151694.70, 500868249, 'Normal_Period', 'Normal_Period');
INSERT INTO Fact_Financials_Master (Date_Key, Airline_Name, net_income, load_factor, operating_revenue, operating_income, fuel_cost, CARES_FLAG1, CARES_Flag) VALUES (19, 'Delta Airlines', 1371648, 85.720000, 10506964, 1696529.00, 2576900527, 'Normal_Period', 'Normal_Period');
INSERT INTO Fact_Financials_Master (Date_Key, Airline_Name, net_income, load_factor, operating_revenue, operating_income, fuel_cost, CARES_FLAG1, CARES_Flag) VALUES (19, 'Frontier Airlines', 23450, 93.663333, 372432, 38801.62, 113436214, 'Normal_Period', 'Normal_Period');
INSERT INTO Fact_Financials_Master (Date_Key, Airline_Name, net_income, load_factor, operating_revenue, operating_income, fuel_cost, CARES_FLAG1, CARES_Flag) VALUES (19, 'Allegiant Airlines', 24310, 90.200000, 220014, 24535.16, 91287159, 'Normal_Period', 'Normal_Period');
INSERT INTO Fact_Financials_Master (Date_Key, Airline_Name, net_income, load_factor, operating_revenue, operating_income, fuel_cost, CARES_FLAG1, CARES_Flag) VALUES (19, 'Spirit Airlines', 54381, 89.670000, 456625, 97803.52, 144985935, 'Normal_Period', 'Normal_Period');
INSERT INTO Fact_Financials_Master (Date_Key, Airline_Name, net_income, load_factor, operating_revenue, operating_income, fuel_cost, CARES_FLAG1, CARES_Flag) VALUES (49, 'Allegiant Airlines', 9309, 55.833333, 263786, -74731.03, 82741324, 'CARES_Period', 'CARES_Period');
INSERT INTO Fact_Financials_Master (Date_Key, Airline_Name, net_income, load_factor, operating_revenue, operating_income, fuel_cost, CARES_FLAG1, CARES_Flag) VALUES (19, 'United Airlines', 377383, 86.930000, 10229894, 510368.66, 2542395357, 'Normal_Period', 'Normal_Period');
INSERT INTO Fact_Financials_Master (Date_Key, Airline_Name, net_income, load_factor, operating_revenue, operating_income, fuel_cost, CARES_FLAG1, CARES_Flag) VALUES (19, 'Southwest Airlines', 259422, 80.806667, 4544691, 389727.00, 1394509008, 'Normal_Period', 'Normal_Period');
INSERT INTO Fact_Financials_Master (Date_Key, Airline_Name, net_income, load_factor, operating_revenue, operating_income, fuel_cost, CARES_FLAG1, CARES_Flag) VALUES (20, 'Alaska Airlines', 75910, 84.530000, 1208848, 131315.00, 318578701, 'Normal_Period', 'Normal_Period');
INSERT INTO Fact_Financials_Master (Date_Key, Airline_Name, net_income, load_factor, operating_revenue, operating_income, fuel_cost, CARES_FLAG1, CARES_Flag) VALUES (20, 'JetBlue Airlines', 47014, 81.466667, 1365820, 110738.97, 465829878, 'Normal_Period', 'Normal_Period');
INSERT INTO Fact_Financials_Master (Date_Key, Airline_Name, net_income, load_factor, operating_revenue, operating_income, fuel_cost, CARES_FLAG1, CARES_Flag) VALUES (20, 'Delta Airlines', 8482125, 83.393333, 9086090, 869555.00, 2313937973, 'Normal_Period', 'Normal_Period');
INSERT INTO Fact_Financials_Master (Date_Key, Airline_Name, net_income, load_factor, operating_revenue, operating_income, fuel_cost, CARES_FLAG1, CARES_Flag) VALUES (20, 'Frontier Airlines', 2529, 91.886667, 337582, 4995.12, 106341111, 'Normal_Period', 'Normal_Period');
INSERT INTO Fact_Financials_Master (Date_Key, Airline_Name, net_income, load_factor, operating_revenue, operating_income, fuel_cost, CARES_FLAG1, CARES_Flag) VALUES (20, 'Allegiant Airlines', 26140, 85.473333, 231148, 26940.89, 92304494, 'Normal_Period', 'Normal_Period');
INSERT INTO Fact_Financials_Master (Date_Key, Airline_Name, net_income, load_factor, operating_revenue, operating_income, fuel_cost, CARES_FLAG1, CARES_Flag) VALUES (52, 'Frontier Airlines', -53155, 75.783333, 609619, -85133.06, 170178202, 'Normal_Period', 'Normal_Period');
INSERT INTO Fact_Financials_Master (Date_Key, Airline_Name, net_income, load_factor, operating_revenue, operating_income, fuel_cost, CARES_FLAG1, CARES_Flag) VALUES (20, 'Spirit Airlines', 43193, 86.616667, 419984, 68060.42, 139843111, 'Normal_Period', 'Normal_Period');
INSERT INTO Fact_Financials_Master (Date_Key, Airline_Name, net_income, load_factor, operating_revenue, operating_income, fuel_cost, CARES_FLAG1, CARES_Flag) VALUES (20, 'United Airlines', 154178, 84.886667, 9331106, 237517.57, 2315544496, 'Normal_Period', 'Normal_Period');
INSERT INTO Fact_Financials_Master (Date_Key, Airline_Name, net_income, load_factor, operating_revenue, operating_income, fuel_cost, CARES_FLAG1, CARES_Flag) VALUES (51, 'Spirit Airlines', 14774, 77.896667, 922631, -72364.19, 259617615, 'Normal_Period', 'Normal_Period');
INSERT INTO Fact_Financials_Master (Date_Key, Airline_Name, net_income, load_factor, operating_revenue, operating_income, fuel_cost, CARES_FLAG1, CARES_Flag) VALUES (20, 'Southwest Airlines', 212494, 80.390000, 4428152, 385606.00, 1313891559, 'Normal_Period', 'Normal_Period');
INSERT INTO Fact_Financials_Master (Date_Key, Airline_Name, net_income, load_factor, operating_revenue, operating_income, fuel_cost, CARES_FLAG1, CARES_Flag) VALUES (21, 'Alaska Airlines', 93305, 85.106667, 1221373, 146844.00, 318062669, 'Normal_Period', 'Normal_Period');
INSERT INTO Fact_Financials_Master (Date_Key, Airline_Name, net_income, load_factor, operating_revenue, operating_income, fuel_cost, CARES_FLAG1, CARES_Flag) VALUES (21, 'JetBlue Airlines', -1200, 83.603333, 1348787, 43411.23, 463849694, 'Normal_Period', 'Normal_Period');
INSERT INTO Fact_Financials_Master (Date_Key, Airline_Name, net_income, load_factor, operating_revenue, operating_income, fuel_cost, CARES_FLAG1, CARES_Flag) VALUES (50, 'Frontier Airlines', 18777, 80.073333, 549354, -64128.37, 122504027, 'CARES_Period', 'CARES_Period');
INSERT INTO Fact_Financials_Master (Date_Key, Airline_Name, net_income, load_factor, operating_revenue, operating_income, fuel_cost, CARES_FLAG1, CARES_Flag) VALUES (21, 'Delta Airlines', 218132, 84.973333, 8927524, 671904.00, 2191198459, 'Normal_Period', 'Normal_Period');
INSERT INTO Fact_Financials_Master (Date_Key, Airline_Name, net_income, load_factor, operating_revenue, operating_income, fuel_cost, CARES_FLAG1, CARES_Flag) VALUES (21, 'Frontier Airlines', 10156, 88.086667, 328419, 17629.46, 110701810, 'Normal_Period', 'Normal_Period');
INSERT INTO Fact_Financials_Master (Date_Key, Airline_Name, net_income, load_factor, operating_revenue, operating_income, fuel_cost, CARES_FLAG1, CARES_Flag) VALUES (37, 'United Airlines', 147098, 83.186667, 9031936, 276790.71, 1533674101, 'Normal_Period', 'Normal_Period');
INSERT INTO Fact_Financials_Master (Date_Key, Airline_Name, net_income, load_factor, operating_revenue, operating_income, fuel_cost, CARES_FLAG1, CARES_Flag) VALUES (21, 'Allegiant Airlines', 49528, 88.610000, 291666, 50451.57, 110117277, 'Normal_Period', 'Normal_Period');
INSERT INTO Fact_Financials_Master (Date_Key, Airline_Name, net_income, load_factor, operating_revenue, operating_income, fuel_cost, CARES_FLAG1, CARES_Flag) VALUES (21, 'Spirit Airlines', 37706, 87.656667, 437987, 59953.24, 148471694, 'Normal_Period', 'Normal_Period');
INSERT INTO Fact_Financials_Master (Date_Key, Airline_Name, net_income, load_factor, operating_revenue, operating_income, fuel_cost, CARES_FLAG1, CARES_Flag) VALUES (54, 'JetBlue Airlines', -188114, 86.566667, 2444768, -107306.14, 910333404, 'Normal_Period', 'Normal_Period');
INSERT INTO Fact_Financials_Master (Date_Key, Airline_Name, net_income, load_factor, operating_revenue, operating_income, fuel_cost, CARES_FLAG1, CARES_Flag) VALUES (21, 'Southwest Airlines', 152441, 79.056667, 4166103, 215415.00, 1261236045, 'Normal_Period', 'Normal_Period');
INSERT INTO Fact_Financials_Master (Date_Key, Airline_Name, net_income, load_factor, operating_revenue, operating_income, fuel_cost, CARES_FLAG1, CARES_Flag) VALUES (51, 'JetBlue Airlines', 129809, 80.790000, 1971729, 394.13, 442554671, 'Normal_Period', 'Normal_Period');
INSERT INTO Fact_Financials_Master (Date_Key, Airline_Name, net_income, load_factor, operating_revenue, operating_income, fuel_cost, CARES_FLAG1, CARES_Flag) VALUES (22, 'Alaska Airlines', 166041, 86.670000, 1373131, 257466.00, 337918454, 'Normal_Period', 'Normal_Period');
INSERT INTO Fact_Financials_Master (Date_Key, Airline_Name, net_income, load_factor, operating_revenue, operating_income, fuel_cost, CARES_FLAG1, CARES_Flag) VALUES (22, 'JetBlue Airlines', 230641, 85.896667, 1493704, 140501.99, 497257315, 'Normal_Period', 'Normal_Period');
INSERT INTO Fact_Financials_Master (Date_Key, Airline_Name, net_income, load_factor, operating_revenue, operating_income, fuel_cost, CARES_FLAG1, CARES_Flag) VALUES (22, 'Delta Airlines', 807422, 88.493333, 10639874, 1615666.00, 2435701598, 'Normal_Period', 'Normal_Period');
INSERT INTO Fact_Financials_Master (Date_Key, Airline_Name, net_income, load_factor, operating_revenue, operating_income, fuel_cost, CARES_FLAG1, CARES_Flag) VALUES (22, 'Frontier Airlines', 35124, 91.093333, 392939, 57883.07, 129776021, 'Normal_Period', 'Normal_Period');
INSERT INTO Fact_Financials_Master (Date_Key, Airline_Name, net_income, load_factor, operating_revenue, operating_income, fuel_cost, CARES_FLAG1, CARES_Flag) VALUES (29, 'United Airlines', 313862, 83.420000, 8195291, 649435.35, 817910673, 'Normal_Period', 'Normal_Period');
INSERT INTO Fact_Financials_Master (Date_Key, Airline_Name, net_income, load_factor, operating_revenue, operating_income, fuel_cost, CARES_FLAG1, CARES_Flag) VALUES (22, 'Allegiant Airlines', 48559, 89.903333, 280662, 50213.23, 105710555, 'Normal_Period', 'Normal_Period');
INSERT INTO Fact_Financials_Master (Date_Key, Airline_Name, net_income, load_factor, operating_revenue, operating_income, fuel_cost, CARES_FLAG1, CARES_Flag) VALUES (22, 'Spirit Airlines', 64849, 88.206667, 499337, 105144.14, 154852089, 'Normal_Period', 'Normal_Period');
INSERT INTO Fact_Financials_Master (Date_Key, Airline_Name, net_income, load_factor, operating_revenue, operating_income, fuel_cost, CARES_FLAG1, CARES_Flag) VALUES (23, 'Allegiant Airlines', 22627, 90.566667, 256670, 25486.68, 96601069, 'Normal_Period', 'Normal_Period');
INSERT INTO Fact_Financials_Master (Date_Key, Airline_Name, net_income, load_factor, operating_revenue, operating_income, fuel_cost, CARES_FLAG1, CARES_Flag) VALUES (22, 'United Airlines', 769231, 87.820000, 10328256, 906073.08, 2441231402, 'Normal_Period', 'Normal_Period');
INSERT INTO Fact_Financials_Master (Date_Key, Airline_Name, net_income, load_factor, operating_revenue, operating_income, fuel_cost, CARES_FLAG1, CARES_Flag) VALUES (45, 'Spirit Airlines', -27828, 71.133333, 771081, -57991.98, 213207977, 'Normal_Period', 'Normal_Period');
INSERT INTO Fact_Financials_Master (Date_Key, Airline_Name, net_income, load_factor, operating_revenue, operating_income, fuel_cost, CARES_FLAG1, CARES_Flag) VALUES (22, 'Southwest Airlines', 464994, 83.803333, 5011428, 775373.00, 1371665612, 'Normal_Period', 'Normal_Period');
INSERT INTO Fact_Financials_Master (Date_Key, Airline_Name, net_income, load_factor, operating_revenue, operating_income, fuel_cost, CARES_FLAG1, CARES_Flag) VALUES (24, 'Allegiant Airlines', 7174, 87.130000, 270664, 12031.10, 81789156, 'Normal_Period', 'Normal_Period');
INSERT INTO Fact_Financials_Master (Date_Key, Airline_Name, net_income, load_factor, operating_revenue, operating_income, fuel_cost, CARES_FLAG1, CARES_Flag) VALUES (52, 'Spirit Airlines', -87158, 81.810000, 987556, -61549.68, 296571952, 'Normal_Period', 'Normal_Period');
INSERT INTO Fact_Financials_Master (Date_Key, Airline_Name, net_income, load_factor, operating_revenue, operating_income, fuel_cost, CARES_FLAG1, CARES_Flag) VALUES (23, 'Alaska Airlines', 191987, 86.173333, 1463350, 314280.00, 350361411, 'Normal_Period', 'Normal_Period');
INSERT INTO Fact_Financials_Master (Date_Key, Airline_Name, net_income, load_factor, operating_revenue, operating_income, fuel_cost, CARES_FLAG1, CARES_Flag) VALUES (25, 'Allegiant Airlines', 99824, 88.270000, 318194, 102576.94, 70765862, 'Normal_Period', 'Normal_Period');
INSERT INTO Fact_Financials_Master (Date_Key, Airline_Name, net_income, load_factor, operating_revenue, operating_income, fuel_cost, CARES_FLAG1, CARES_Flag) VALUES (23, 'JetBlue Airlines', 78801, 86.826667, 1528320, 163330.24, 518041128, 'Normal_Period', 'Normal_Period');
INSERT INTO Fact_Financials_Master (Date_Key, Airline_Name, net_income, load_factor, operating_revenue, operating_income, fuel_cost, CARES_FLAG1, CARES_Flag) VALUES (23, 'Delta Airlines', 361459, 87.760000, 11200109, 1409299.00, 2605487775, 'Normal_Period', 'Normal_Period');
INSERT INTO Fact_Financials_Master (Date_Key, Airline_Name, net_income, load_factor, operating_revenue, operating_income, fuel_cost, CARES_FLAG1, CARES_Flag) VALUES (26, 'Allegiant Airlines', 83613, 87.260000, 311020, 87363.13, 80067623, 'Normal_Period', 'Normal_Period');
INSERT INTO Fact_Financials_Master (Date_Key, Airline_Name, net_income, load_factor, operating_revenue, operating_income, fuel_cost, CARES_FLAG1, CARES_Flag) VALUES (23, 'Frontier Airlines', 58303, 91.573333, 448374, 95653.48, 141632438, 'Normal_Period', 'Normal_Period');
INSERT INTO Fact_Financials_Master (Date_Key, Airline_Name, net_income, load_factor, operating_revenue, operating_income, fuel_cost, CARES_FLAG1, CARES_Flag) VALUES (27, 'Allegiant Airlines', 70421, 87.256667, 290034, 73212.94, 68969594, 'Normal_Period', 'Normal_Period');
INSERT INTO Fact_Financials_Master (Date_Key, Airline_Name, net_income, load_factor, operating_revenue, operating_income, fuel_cost, CARES_FLAG1, CARES_Flag) VALUES (28, 'Allegiant Airlines', 90094, 83.516667, 302260, 91974.11, 61679854, 'Normal_Period', 'Normal_Period');
INSERT INTO Fact_Financials_Master (Date_Key, Airline_Name, net_income, load_factor, operating_revenue, operating_income, fuel_cost, CARES_FLAG1, CARES_Flag) VALUES (23, 'Spirit Airlines', 66994, 87.773333, 519769, 100191.32, 171577216, 'Normal_Period', 'Normal_Period');
INSERT INTO Fact_Financials_Master (Date_Key, Airline_Name, net_income, load_factor, operating_revenue, operating_income, fuel_cost, CARES_FLAG1, CARES_Flag) VALUES (23, 'United Airlines', 933236, 87.090000, 10563671, 1184835.76, 2450900891, 'Normal_Period', 'Normal_Period');
INSERT INTO Fact_Financials_Master (Date_Key, Airline_Name, net_income, load_factor, operating_revenue, operating_income, fuel_cost, CARES_FLAG1, CARES_Flag) VALUES (29, 'Allegiant Airlines', 112370, 85.946667, 337294, 115497.38, 53774689, 'Normal_Period', 'Normal_Period');
INSERT INTO Fact_Financials_Master (Date_Key, Airline_Name, net_income, load_factor, operating_revenue, operating_income, fuel_cost, CARES_FLAG1, CARES_Flag) VALUES (23, 'Southwest Airlines', 328809, 84.330000, 4799941, 614214.00, 1334880541, 'Normal_Period', 'Normal_Period');
INSERT INTO Fact_Financials_Master (Date_Key, Airline_Name, net_income, load_factor, operating_revenue, operating_income, fuel_cost, CARES_FLAG1, CARES_Flag) VALUES (30, 'Allegiant Airlines', 93676, 86.183333, 332758, 97699.59, 68443100, 'Normal_Period', 'Normal_Period');
INSERT INTO Fact_Financials_Master (Date_Key, Airline_Name, net_income, load_factor, operating_revenue, operating_income, fuel_cost, CARES_FLAG1, CARES_Flag) VALUES (24, 'Alaska Airlines', 147116, 83.926667, 1305499, 239735.00, 276786712, 'Normal_Period', 'Normal_Period');
INSERT INTO Fact_Financials_Master (Date_Key, Airline_Name, net_income, load_factor, operating_revenue, operating_income, fuel_cost, CARES_FLAG1, CARES_Flag) VALUES (31, 'Allegiant Airlines', 69324, 86.943333, 322088, 71859.29, 70416853, 'Normal_Period', 'Normal_Period');
INSERT INTO Fact_Financials_Master (Date_Key, Airline_Name, net_income, load_factor, operating_revenue, operating_income, fuel_cost, CARES_FLAG1, CARES_Flag) VALUES (24, 'JetBlue Airlines', 87388, 83.696667, 1446067, 160651.55, 435774779, 'Normal_Period', 'Normal_Period');
INSERT INTO Fact_Financials_Master (Date_Key, Airline_Name, net_income, load_factor, operating_revenue, operating_income, fuel_cost, CARES_FLAG1, CARES_Flag) VALUES (32, 'Allegiant Airlines', 60892, 81.913333, 325175, 63277.16, 73408075, 'Normal_Period', 'Normal_Period');
INSERT INTO Fact_Financials_Master (Date_Key, Airline_Name, net_income, load_factor, operating_revenue, operating_income, fuel_cost, CARES_FLAG1, CARES_Flag) VALUES (24, 'Frontier Airlines', 25446, 87.850000, 405137, 39029.12, 114904788, 'Normal_Period', 'Normal_Period');
INSERT INTO Fact_Financials_Master (Date_Key, Airline_Name, net_income, load_factor, operating_revenue, operating_income, fuel_cost, CARES_FLAG1, CARES_Flag) VALUES (33, 'Allegiant Airlines', 63745, 82.356667, 362002, 66051.24, 84449019, 'Normal_Period', 'Normal_Period');
INSERT INTO Fact_Financials_Master (Date_Key, Airline_Name, net_income, load_factor, operating_revenue, operating_income, fuel_cost, CARES_FLAG1, CARES_Flag) VALUES (24, 'Spirit Airlines', 57802, 83.893333, 474487, 89975.31, 137897785, 'Normal_Period', 'Normal_Period');
INSERT INTO Fact_Financials_Master (Date_Key, Airline_Name, net_income, load_factor, operating_revenue, operating_income, fuel_cost, CARES_FLAG1, CARES_Flag) VALUES (34, 'Allegiant Airlines', 73787, 84.720000, 384424, 76865.04, 84993718, 'Normal_Period', 'Normal_Period');
INSERT INTO Fact_Financials_Master (Date_Key, Airline_Name, net_income, load_factor, operating_revenue, operating_income, fuel_cost, CARES_FLAG1, CARES_Flag) VALUES (24, 'United Airlines', -8662, 84.000000, 9312309, 625651.41, 1896055809, 'Normal_Period', 'Normal_Period');
INSERT INTO Fact_Financials_Master (Date_Key, Airline_Name, net_income, load_factor, operating_revenue, operating_income, fuel_cost, CARES_FLAG1, CARES_Flag) VALUES (35, 'Allegiant Airlines', 31430, 84.763333, 333708, 35082.52, 80119142, 'Normal_Period', 'Normal_Period');
INSERT INTO Fact_Financials_Master (Date_Key, Airline_Name, net_income, load_factor, operating_revenue, operating_income, fuel_cost, CARES_FLAG1, CARES_Flag) VALUES (24, 'Southwest Airlines', 190257, 82.260000, 4627644, 620291.00, 1114163719, 'Normal_Period', 'Normal_Period');
INSERT INTO Fact_Financials_Master (Date_Key, Airline_Name, net_income, load_factor, operating_revenue, operating_income, fuel_cost, CARES_FLAG1, CARES_Flag) VALUES (36, 'Allegiant Airlines', 16480, 83.376667, 363482, 20185.93, 92266000, 'Normal_Period', 'Normal_Period');
INSERT INTO Fact_Financials_Master (Date_Key, Airline_Name, net_income, load_factor, operating_revenue, operating_income, fuel_cost, CARES_FLAG1, CARES_Flag) VALUES (54, 'Spirit Airlines', -52406, 87.433333, 1366643, -45330.30, 558633111, 'Normal_Period', 'Normal_Period');
INSERT INTO Fact_Financials_Master (Date_Key, Airline_Name, net_income, load_factor, operating_revenue, operating_income, fuel_cost, CARES_FLAG1, CARES_Flag) VALUES (25, 'Alaska Airlines', 145466, 83.996667, 1267731, 238150.00, 204360350, 'Normal_Period', 'Normal_Period');
INSERT INTO Fact_Financials_Master (Date_Key, Airline_Name, net_income, load_factor, operating_revenue, operating_income, fuel_cost, CARES_FLAG1, CARES_Flag) VALUES (37, 'Allegiant Airlines', 71092, 85.380000, 412681, 76094.83, 105486338, 'Normal_Period', 'Normal_Period');
INSERT INTO Fact_Financials_Master (Date_Key, Airline_Name, net_income, load_factor, operating_revenue, operating_income, fuel_cost, CARES_FLAG1, CARES_Flag) VALUES (25, 'JetBlue Airlines', 137003, 84.983333, 1523656, 243602.41, 334819240, 'Normal_Period', 'Normal_Period');
INSERT INTO Fact_Financials_Master (Date_Key, Airline_Name, net_income, load_factor, operating_revenue, operating_income, fuel_cost, CARES_FLAG1, CARES_Flag) VALUES (25, 'Delta Airlines', 744504, 84.863333, 9407610, 1404428.00, 2423967351, 'Normal_Period', 'Normal_Period');
INSERT INTO Fact_Financials_Master (Date_Key, Airline_Name, net_income, load_factor, operating_revenue, operating_income, fuel_cost, CARES_FLAG1, CARES_Flag) VALUES (38, 'Allegiant Airlines', 56008, 85.646667, 415566, 62540.06, 122342360, 'Normal_Period', 'Normal_Period');
INSERT INTO Fact_Financials_Master (Date_Key, Airline_Name, net_income, load_factor, operating_revenue, operating_income, fuel_cost, CARES_FLAG1, CARES_Flag) VALUES (25, 'Frontier Airlines', 30810, 85.050000, 369422, 50401.03, 83790345, 'Normal_Period', 'Normal_Period');
INSERT INTO Fact_Financials_Master (Date_Key, Airline_Name, net_income, load_factor, operating_revenue, operating_income, fuel_cost, CARES_FLAG1, CARES_Flag) VALUES (39, 'Allegiant Airlines', 10541, 85.976667, 373414, 18124.26, 113440968, 'Normal_Period', 'Normal_Period');
INSERT INTO Fact_Financials_Master (Date_Key, Airline_Name, net_income, load_factor, operating_revenue, operating_income, fuel_cost, CARES_FLAG1, CARES_Flag) VALUES (40, 'Allegiant Airlines', 54091, 83.050000, 395148, 59073.36, 103684702, 'Normal_Period', 'Normal_Period');
INSERT INTO Fact_Financials_Master (Date_Key, Airline_Name, net_income, load_factor, operating_revenue, operating_income, fuel_cost, CARES_FLAG1, CARES_Flag) VALUES (25, 'Spirit Airlines', 69002, 85.510000, 493355, 109251.18, 112425273, 'Normal_Period', 'Normal_Period');
INSERT INTO Fact_Financials_Master (Date_Key, Airline_Name, net_income, load_factor, operating_revenue, operating_income, fuel_cost, CARES_FLAG1, CARES_Flag) VALUES (41, 'Allegiant Airlines', 76967, 84.133333, 429661, 85040.74, 99473327, 'Normal_Period', 'Normal_Period');
INSERT INTO Fact_Financials_Master (Date_Key, Airline_Name, net_income, load_factor, operating_revenue, operating_income, fuel_cost, CARES_FLAG1, CARES_Flag) VALUES (25, 'United Airlines', 509296, 84.326667, 8608479, 740717.99, 1324808019, 'Normal_Period', 'Normal_Period');
INSERT INTO Fact_Financials_Master (Date_Key, Airline_Name, net_income, load_factor, operating_revenue, operating_income, fuel_cost, CARES_FLAG1, CARES_Flag) VALUES (37, 'Spirit Airlines', -44922, 81.546667, 704138, -38796.75, 204645638, 'Normal_Period', 'Normal_Period');
INSERT INTO Fact_Financials_Master (Date_Key, Airline_Name, net_income, load_factor, operating_revenue, operating_income, fuel_cost, CARES_FLAG1, CARES_Flag) VALUES (25, 'Southwest Airlines', 452936, 79.976667, 4414255, 780327.00, 833829602, 'Normal_Period', 'Normal_Period');
INSERT INTO Fact_Financials_Master (Date_Key, Airline_Name, net_income, load_factor, operating_revenue, operating_income, fuel_cost, CARES_FLAG1, CARES_Flag) VALUES (42, 'Allegiant Airlines', 91341, 84.103333, 466846, 100607.39, 120009216, 'Normal_Period', 'Normal_Period');
INSERT INTO Fact_Financials_Master (Date_Key, Airline_Name, net_income, load_factor, operating_revenue, operating_income, fuel_cost, CARES_FLAG1, CARES_Flag) VALUES (50, 'Alaska Airlines', 329064, 76.486667, 1525762, -42512.00, 278361625, 'CARES_Period', 'CARES_Period');
INSERT INTO Fact_Financials_Master (Date_Key, Airline_Name, net_income, load_factor, operating_revenue, operating_income, fuel_cost, CARES_FLAG1, CARES_Flag) VALUES (26, 'Alaska Airlines', 228355, 85.490000, 1435914, 362418.00, 234469227, 'Normal_Period', 'Normal_Period');
INSERT INTO Fact_Financials_Master (Date_Key, Airline_Name, net_income, load_factor, operating_revenue, operating_income, fuel_cost, CARES_FLAG1, CARES_Flag) VALUES (43, 'Allegiant Airlines', 54431, 86.016667, 410866, 63909.96, 105350096, 'Normal_Period', 'Normal_Period');
INSERT INTO Fact_Financials_Master (Date_Key, Airline_Name, net_income, load_factor, operating_revenue, operating_income, fuel_cost, CARES_FLAG1, CARES_Flag) VALUES (26, 'JetBlue Airlines', 151979, 86.033333, 1611352, 281960.65, 371345071, 'Normal_Period', 'Normal_Period');
INSERT INTO Fact_Financials_Master (Date_Key, Airline_Name, net_income, load_factor, operating_revenue, operating_income, fuel_cost, CARES_FLAG1, CARES_Flag) VALUES (26, 'Delta Airlines', 1487293, 88.313333, 10728156, 2496242.00, 2177479292, 'Normal_Period', 'Normal_Period');
INSERT INTO Fact_Financials_Master (Date_Key, Airline_Name, net_income, load_factor, operating_revenue, operating_income, fuel_cost, CARES_FLAG1, CARES_Flag) VALUES (44, 'Allegiant Airlines', 75741, 82.180000, 438613, 84556.70, 103820658, 'Normal_Period', 'Normal_Period');
INSERT INTO Fact_Financials_Master (Date_Key, Airline_Name, net_income, load_factor, operating_revenue, operating_income, fuel_cost, CARES_FLAG1, CARES_Flag) VALUES (26, 'Frontier Airlines', 59711, 86.316667, 412924, 90720.19, 95508606, 'Normal_Period', 'Normal_Period');
INSERT INTO Fact_Financials_Master (Date_Key, Airline_Name, net_income, load_factor, operating_revenue, operating_income, fuel_cost, CARES_FLAG1, CARES_Flag) VALUES (40, 'Frontier Airlines', -42084, 85.396667, 553717, -32846.98, 134069880, 'Normal_Period', 'Normal_Period');
INSERT INTO Fact_Financials_Master (Date_Key, Airline_Name, net_income, load_factor, operating_revenue, operating_income, fuel_cost, CARES_FLAG1, CARES_Flag) VALUES (45, 'Allegiant Airlines', 29779, 74.826667, 386605, 38659.28, 89257839, 'Normal_Period', 'Normal_Period');
INSERT INTO Fact_Financials_Master (Date_Key, Airline_Name, net_income, load_factor, operating_revenue, operating_income, fuel_cost, CARES_FLAG1, CARES_Flag) VALUES (55, 'Spirit Airlines', -36377, 83.183333, 1343179, -36389.20, 508495732, 'Normal_Period', 'Normal_Period');
INSERT INTO Fact_Financials_Master (Date_Key, Airline_Name, net_income, load_factor, operating_revenue, operating_income, fuel_cost, CARES_FLAG1, CARES_Flag) VALUES (26, 'Spirit Airlines', 76704, 86.390000, 553421, 122314.83, 127514440, 'Normal_Period', 'Normal_Period');
INSERT INTO Fact_Financials_Master (Date_Key, Airline_Name, net_income, load_factor, operating_revenue, operating_income, fuel_cost, CARES_FLAG1, CARES_Flag) VALUES (48, 'Allegiant Airlines', -35260, 58.823333, 233413, -28195.67, 52769639, 'CARES_Period', 'CARES_Period');
INSERT INTO Fact_Financials_Master (Date_Key, Airline_Name, net_income, load_factor, operating_revenue, operating_income, fuel_cost, CARES_FLAG1, CARES_Flag) VALUES (26, 'United Airlines', 1192981, 86.743333, 9913459, 1445610.78, 1555463558, 'Normal_Period', 'Normal_Period');
INSERT INTO Fact_Financials_Master (Date_Key, Airline_Name, net_income, load_factor, operating_revenue, operating_income, fuel_cost, CARES_FLAG1, CARES_Flag) VALUES (26, 'Southwest Airlines', 608030, 84.730000, 5110613, 1085036.00, 957470160, 'Normal_Period', 'Normal_Period');
INSERT INTO Fact_Financials_Master (Date_Key, Airline_Name, net_income, load_factor, operating_revenue, operating_income, fuel_cost, CARES_FLAG1, CARES_Flag) VALUES (51, 'Southwest Airlines', 445873, 80.513333, 4679383, -29593.00, 950126229, 'Normal_Period', 'Normal_Period');
INSERT INTO Fact_Financials_Master (Date_Key, Airline_Name, net_income, load_factor, operating_revenue, operating_income, fuel_cost, CARES_FLAG1, CARES_Flag) VALUES (50, 'Allegiant Airlines', 97910, 70.720000, 471883, 80454.48, 109643039, 'CARES_Period', 'CARES_Period');
INSERT INTO Fact_Financials_Master (Date_Key, Airline_Name, net_income, load_factor, operating_revenue, operating_income, fuel_cost, CARES_FLAG1, CARES_Flag) VALUES (27, 'Alaska Airlines', 267766, 86.000000, 1514010, 432569.00, 206330579, 'Normal_Period', 'Normal_Period');
INSERT INTO Fact_Financials_Master (Date_Key, Airline_Name, net_income, load_factor, operating_revenue, operating_income, fuel_cost, CARES_FLAG1, CARES_Flag) VALUES (55, 'JetBlue Airlines', 57227, 85.713333, 2562323, 140260.09, 822400972, 'Normal_Period', 'Normal_Period');
INSERT INTO Fact_Financials_Master (Date_Key, Airline_Name, net_income, load_factor, operating_revenue, operating_income, fuel_cost, CARES_FLAG1, CARES_Flag) VALUES (27, 'JetBlue Airlines', 198103, 85.100000, 1687623, 349998.02, 342234477, 'Normal_Period', 'Normal_Period');
INSERT INTO Fact_Financials_Master (Date_Key, Airline_Name, net_income, load_factor, operating_revenue, operating_income, fuel_cost, CARES_FLAG1, CARES_Flag) VALUES (51, 'Allegiant Airlines', 42398, 75.890000, 459464, 20127.64, 118378857, 'Normal_Period', 'Normal_Period');
INSERT INTO Fact_Financials_Master (Date_Key, Airline_Name, net_income, load_factor, operating_revenue, operating_income, fuel_cost, CARES_FLAG1, CARES_Flag) VALUES (27, 'Delta Airlines', 1319219, 87.873333, 11130420, 2222326.00, 1719523213, 'Normal_Period', 'Normal_Period');
INSERT INTO Fact_Financials_Master (Date_Key, Airline_Name, net_income, load_factor, operating_revenue, operating_income, fuel_cost, CARES_FLAG1, CARES_Flag) VALUES (52, 'Allegiant Airlines', 15687, 77.560000, 496884, 36439.00, 129661849, 'Normal_Period', 'Normal_Period');
INSERT INTO Fact_Financials_Master (Date_Key, Airline_Name, net_income, load_factor, operating_revenue, operating_income, fuel_cost, CARES_FLAG1, CARES_Flag) VALUES (27, 'Frontier Airlines', 35547, 88.196667, 417534, 94979.33, 84158764, 'Normal_Period', 'Normal_Period');
INSERT INTO Fact_Financials_Master (Date_Key, Airline_Name, net_income, load_factor, operating_revenue, operating_income, fuel_cost, CARES_FLAG1, CARES_Flag) VALUES (51, 'Frontier Airlines', 23360, 77.560000, 630104, -28941.80, 148057592, 'Normal_Period', 'Normal_Period');
INSERT INTO Fact_Financials_Master (Date_Key, Airline_Name, net_income, load_factor, operating_revenue, operating_income, fuel_cost, CARES_FLAG1, CARES_Flag) VALUES (53, 'Allegiant Airlines', -1579, 78.276667, 500108, 10825.33, 164374130, 'Normal_Period', 'Normal_Period');
INSERT INTO Fact_Financials_Master (Date_Key, Airline_Name, net_income, load_factor, operating_revenue, operating_income, fuel_cost, CARES_FLAG1, CARES_Flag) VALUES (54, 'Allegiant Airlines', 10784, 87.760000, 629846, 28567.11, 257967087, 'Normal_Period', 'Normal_Period');
INSERT INTO Fact_Financials_Master (Date_Key, Airline_Name, net_income, load_factor, operating_revenue, operating_income, fuel_cost, CARES_FLAG1, CARES_Flag) VALUES (27, 'Spirit Airlines', 102823, 84.486667, 574841, 157218.97, 115893112, 'Normal_Period', 'Normal_Period');
INSERT INTO Fact_Financials_Master (Date_Key, Airline_Name, net_income, load_factor, operating_revenue, operating_income, fuel_cost, CARES_FLAG1, CARES_Flag) VALUES (40, 'United Airlines', 463487, 84.926667, 10491647, 653144.14, 1873661603, 'Normal_Period', 'Normal_Period');
INSERT INTO Fact_Financials_Master (Date_Key, Airline_Name, net_income, load_factor, operating_revenue, operating_income, fuel_cost, CARES_FLAG1, CARES_Flag) VALUES (27, 'United Airlines', 4775505, 87.640000, 10305905, 1899591.22, 1402038489, 'Normal_Period', 'Normal_Period');
INSERT INTO Fact_Financials_Master (Date_Key, Airline_Name, net_income, load_factor, operating_revenue, operating_income, fuel_cost, CARES_FLAG1, CARES_Flag) VALUES (55, 'Allegiant Airlines', -3902, 88.740000, 560323, 7443.17, 207927066, 'Normal_Period', 'Normal_Period');
INSERT INTO Fact_Financials_Master (Date_Key, Airline_Name, net_income, load_factor, operating_revenue, operating_income, fuel_cost, CARES_FLAG1, CARES_Flag) VALUES (27, 'Southwest Airlines', 584354, 85.303333, 5317924, 1224900.00, 889476837, 'Normal_Period', 'Normal_Period');
INSERT INTO Fact_Financials_Master (Date_Key, Airline_Name, net_income, load_factor, operating_revenue, operating_income, fuel_cost, CARES_FLAG1, CARES_Flag) VALUES (56, 'Allegiant Airlines', 61358, 85.976667, 611549, 92700.07, 184985095, 'Normal_Period', 'Normal_Period');
INSERT INTO Fact_Financials_Master (Date_Key, Airline_Name, net_income, load_factor, operating_revenue, operating_income, fuel_cost, CARES_FLAG1, CARES_Flag) VALUES (28, 'Alaska Airlines', 186933, 83.066667, 1376432, 258046.00, 185059411, 'Normal_Period', 'Normal_Period');
INSERT INTO Fact_Financials_Master (Date_Key, Airline_Name, net_income, load_factor, operating_revenue, operating_income, fuel_cost, CARES_FLAG1, CARES_Flag) VALUES (28, 'Delta Airlines', 987477, 87.330000, 9549581, 1721657.00, 1524080755, 'Normal_Period', 'Normal_Period');
INSERT INTO Fact_Financials_Master (Date_Key, Airline_Name, net_income, load_factor, operating_revenue, operating_income, fuel_cost, CARES_FLAG1, CARES_Flag) VALUES (28, 'JetBlue Airlines', 190007, 84.140000, 1593496, 322799.29, 299377467, 'Normal_Period', 'Normal_Period');
INSERT INTO Fact_Financials_Master (Date_Key, Airline_Name, net_income, load_factor, operating_revenue, operating_income, fuel_cost, CARES_FLAG1, CARES_Flag) VALUES (32, 'United Airlines', 396936, 85.383333, 9051740, 1006184.22, 1194549320, 'Normal_Period', 'Normal_Period');
INSERT INTO Fact_Financials_Master (Date_Key, Airline_Name, net_income, load_factor, operating_revenue, operating_income, fuel_cost, CARES_FLAG1, CARES_Flag) VALUES (28, 'Frontier Airlines', 19445, 88.036667, 404132, 39802.76, 70306431, 'Normal_Period', 'Normal_Period');
INSERT INTO Fact_Financials_Master (Date_Key, Airline_Name, net_income, load_factor, operating_revenue, operating_income, fuel_cost, CARES_FLAG1, CARES_Flag) VALUES (28, 'Spirit Airlines', 78781, 82.673333, 519846, 120336.92, 105215216, 'Normal_Period', 'Normal_Period');
INSERT INTO Fact_Financials_Master (Date_Key, Airline_Name, net_income, load_factor, operating_revenue, operating_income, fuel_cost, CARES_FLAG1, CARES_Flag) VALUES (28, 'United Airlines', 823605, 86.050000, 9036289, 1081373.65, 1108565113, 'Normal_Period', 'Normal_Period');
INSERT INTO Fact_Financials_Master (Date_Key, Airline_Name, net_income, load_factor, operating_revenue, operating_income, fuel_cost, CARES_FLAG1, CARES_Flag) VALUES (28, 'Southwest Airlines', 535958, 84.230000, 4977318, 1026205.00, 753795995, 'Normal_Period', 'Normal_Period');
INSERT INTO Fact_Financials_Master (Date_Key, Airline_Name, net_income, load_factor, operating_revenue, operating_income, fuel_cost, CARES_FLAG1, CARES_Flag) VALUES (50, 'Spirit Airlines', -287863, 85.033333, 859309, -22362.27, 214824639, 'CARES_Period', 'CARES_Period');
INSERT INTO Fact_Financials_Master (Date_Key, Airline_Name, net_income, load_factor, operating_revenue, operating_income, fuel_cost, CARES_FLAG1, CARES_Flag) VALUES (29, 'Alaska Airlines', 185275, 82.573333, 1345762, 298847.00, 139669839, 'Normal_Period', 'Normal_Period');
INSERT INTO Fact_Financials_Master (Date_Key, Airline_Name, net_income, load_factor, operating_revenue, operating_income, fuel_cost, CARES_FLAG1, CARES_Flag) VALUES (29, 'JetBlue Airlines', 199459, 84.346667, 1616361, 348927.07, 214814269, 'Normal_Period', 'Normal_Period');
INSERT INTO Fact_Financials_Master (Date_Key, Airline_Name, net_income, load_factor, operating_revenue, operating_income, fuel_cost, CARES_FLAG1, CARES_Flag) VALUES (54, 'Frontier Airlines', 16407, 85.823333, 908531, 11426.22, 311970615, 'Normal_Period', 'Normal_Period');
INSERT INTO Fact_Financials_Master (Date_Key, Airline_Name, net_income, load_factor, operating_revenue, operating_income, fuel_cost, CARES_FLAG1, CARES_Flag) VALUES (29, 'Delta Airlines', 955182, 84.140000, 9295664, 1544323.00, 1071999368, 'Normal_Period', 'Normal_Period');
INSERT INTO Fact_Financials_Master (Date_Key, Airline_Name, net_income, load_factor, operating_revenue, operating_income, fuel_cost, CARES_FLAG1, CARES_Flag) VALUES (29, 'Frontier Airlines', 38530, 87.813333, 368125, 62179.08, 49038043, 'Normal_Period', 'Normal_Period');
INSERT INTO Fact_Financials_Master (Date_Key, Airline_Name, net_income, load_factor, operating_revenue, operating_income, fuel_cost, CARES_FLAG1, CARES_Flag) VALUES (36, 'United Airlines', 596853, 85.516667, 9438506, 728842.20, 1487211979, 'Normal_Period', 'Normal_Period');
INSERT INTO Fact_Financials_Master (Date_Key, Airline_Name, net_income, load_factor, operating_revenue, operating_income, fuel_cost, CARES_FLAG1, CARES_Flag) VALUES (29, 'Spirit Airlines', 61920, 84.963333, 538143, 101299.40, 85980529, 'Normal_Period', 'Normal_Period');
INSERT INTO Fact_Financials_Master (Date_Key, Airline_Name, net_income, load_factor, operating_revenue, operating_income, fuel_cost, CARES_FLAG1, CARES_Flag) VALUES (29, 'Southwest Airlines', 511338, 80.373333, 4826319, 943814.00, 814708672, 'Normal_Period', 'Normal_Period');
INSERT INTO Fact_Financials_Master (Date_Key, Airline_Name, net_income, load_factor, operating_revenue, operating_income, fuel_cost, CARES_FLAG1, CARES_Flag) VALUES (30, 'Alaska Airlines', 263872, 85.733333, 1493283, 417763.00, 175168136, 'Normal_Period', 'Normal_Period');
INSERT INTO Fact_Financials_Master (Date_Key, Airline_Name, net_income, load_factor, operating_revenue, operating_income, fuel_cost, CARES_FLAG1, CARES_Flag) VALUES (30, 'JetBlue Airlines', 180169, 85.553333, 1643409, 310026.98, 274132304, 'Normal_Period', 'Normal_Period');
INSERT INTO Fact_Financials_Master (Date_Key, Airline_Name, net_income, load_factor, operating_revenue, operating_income, fuel_cost, CARES_FLAG1, CARES_Flag) VALUES (34, 'United Airlines', 818180, 87.710000, 9999723, 1399762.15, 1328803334, 'Normal_Period', 'Normal_Period');
INSERT INTO Fact_Financials_Master (Date_Key, Airline_Name, net_income, load_factor, operating_revenue, operating_income, fuel_cost, CARES_FLAG1, CARES_Flag) VALUES (30, 'Delta Airlines', 1552513, 87.580000, 10502902, 2423691.00, 1845114616, 'Normal_Period', 'Normal_Period');
INSERT INTO Fact_Financials_Master (Date_Key, Airline_Name, net_income, load_factor, operating_revenue, operating_income, fuel_cost, CARES_FLAG1, CARES_Flag) VALUES (30, 'Frontier Airlines', 52423, 87.563333, 420351, 83986.15, 66737695, 'Normal_Period', 'Normal_Period');
INSERT INTO Fact_Financials_Master (Date_Key, Airline_Name, net_income, load_factor, operating_revenue, operating_income, fuel_cost, CARES_FLAG1, CARES_Flag) VALUES (30, 'United Airlines', 588122, 86.806667, 9395665, 1060392.63, 1102857659, 'Normal_Period', 'Normal_Period');
INSERT INTO Fact_Financials_Master (Date_Key, Airline_Name, net_income, load_factor, operating_revenue, operating_income, fuel_cost, CARES_FLAG1, CARES_Flag) VALUES (30, 'Spirit Airlines', 73084, 85.840000, 584133, 121834.91, 113191663, 'Normal_Period', 'Normal_Period');
INSERT INTO Fact_Financials_Master (Date_Key, Airline_Name, net_income, load_factor, operating_revenue, operating_income, fuel_cost, CARES_FLAG1, CARES_Flag) VALUES (52, 'Alaska Airlines', 22674, 79.083333, 1897226, 56885.00, 371037864, 'Normal_Period', 'Normal_Period');
INSERT INTO Fact_Financials_Master (Date_Key, Airline_Name, net_income, load_factor, operating_revenue, operating_income, fuel_cost, CARES_FLAG1, CARES_Flag) VALUES (30, 'Southwest Airlines', 820063, 85.670000, 5384150, 1275954.00, 858911846, 'Normal_Period', 'Normal_Period');
INSERT INTO Fact_Financials_Master (Date_Key, Airline_Name, net_income, load_factor, operating_revenue, operating_income, fuel_cost, CARES_FLAG1, CARES_Flag) VALUES (31, 'Delta Airlines', 1269304, 85.940000, 10539944, 1979077.00, 1399169071, 'Normal_Period', 'Normal_Period');
INSERT INTO Fact_Financials_Master (Date_Key, Airline_Name, net_income, load_factor, operating_revenue, operating_income, fuel_cost, CARES_FLAG1, CARES_Flag) VALUES (32, 'Delta Airlines', 632847, 87.720000, 9511103, 1029340.00, 1297974142, 'Normal_Period', 'Normal_Period');
INSERT INTO Fact_Financials_Master (Date_Key, Airline_Name, net_income, load_factor, operating_revenue, operating_income, fuel_cost, CARES_FLAG1, CARES_Flag) VALUES (31, 'Alaska Airlines', 265253, 86.356667, 1565294, 422644.00, 183956998, 'Normal_Period', 'Normal_Period');
INSERT INTO Fact_Financials_Master (Date_Key, Airline_Name, net_income, load_factor, operating_revenue, operating_income, fuel_cost, CARES_FLAG1, CARES_Flag) VALUES (56, 'Alaska Airlines', 58244, 85.553333, 2478193, 73734.00, 577849746, 'Normal_Period', 'Normal_Period');
INSERT INTO Fact_Financials_Master (Date_Key, Airline_Name, net_income, load_factor, operating_revenue, operating_income, fuel_cost, CARES_FLAG1, CARES_Flag) VALUES (31, 'JetBlue Airlines', 198980, 86.256667, 1731713, 354436.89, 293095566, 'Normal_Period', 'Normal_Period');
INSERT INTO Fact_Financials_Master (Date_Key, Airline_Name, net_income, load_factor, operating_revenue, operating_income, fuel_cost, CARES_FLAG1, CARES_Flag) VALUES (33, 'Delta Airlines', 615913, 84.786667, 9196079, 1067917.00, 1323697231, 'Normal_Period', 'Normal_Period');
INSERT INTO Fact_Financials_Master (Date_Key, Airline_Name, net_income, load_factor, operating_revenue, operating_income, fuel_cost, CARES_FLAG1, CARES_Flag) VALUES (34, 'Delta Airlines', 1235513, 88.176667, 10854712, 2036048.00, 1500167625, 'Normal_Period', 'Normal_Period');
INSERT INTO Fact_Financials_Master (Date_Key, Airline_Name, net_income, load_factor, operating_revenue, operating_income, fuel_cost, CARES_FLAG1, CARES_Flag) VALUES (31, 'Frontier Airlines', 78945, 88.213333, 490626, 125527.89, 80300664, 'Normal_Period', 'Normal_Period');
INSERT INTO Fact_Financials_Master (Date_Key, Airline_Name, net_income, load_factor, operating_revenue, operating_income, fuel_cost, CARES_FLAG1, CARES_Flag) VALUES (35, 'Delta Airlines', 1191398, 87.130000, 11125371, 1847431.00, 1592958007, 'Normal_Period', 'Normal_Period');
INSERT INTO Fact_Financials_Master (Date_Key, Airline_Name, net_income, load_factor, operating_revenue, operating_income, fuel_cost, CARES_FLAG1, CARES_Flag) VALUES (36, 'Delta Airlines', 591546, 87.053333, 10299698, 1198336.00, 1574804231, 'Normal_Period', 'Normal_Period');
INSERT INTO Fact_Financials_Master (Date_Key, Airline_Name, net_income, load_factor, operating_revenue, operating_income, fuel_cost, CARES_FLAG1, CARES_Flag) VALUES (37, 'Alaska Airlines', 15868, 80.846667, 1831218, 14013.00, 367319738, 'Normal_Period', 'Normal_Period');
INSERT INTO Fact_Financials_Master (Date_Key, Airline_Name, net_income, load_factor, operating_revenue, operating_income, fuel_cost, CARES_FLAG1, CARES_Flag) VALUES (31, 'Spirit Airlines', 81382, 86.020000, 621329, 135215.95, 121843860, 'Normal_Period', 'Normal_Period');
INSERT INTO Fact_Financials_Master (Date_Key, Airline_Name, net_income, load_factor, operating_revenue, operating_income, fuel_cost, CARES_FLAG1, CARES_Flag) VALUES (37, 'Delta Airlines', 583855, 84.023333, 10007942, 912490.00, 1600933911, 'Normal_Period', 'Normal_Period');
INSERT INTO Fact_Financials_Master (Date_Key, Airline_Name, net_income, load_factor, operating_revenue, operating_income, fuel_cost, CARES_FLAG1, CARES_Flag) VALUES (31, 'United Airlines', 965010, 86.830000, 9913185, 1624684.28, 1242323709, 'Normal_Period', 'Normal_Period');
INSERT INTO Fact_Financials_Master (Date_Key, Airline_Name, net_income, load_factor, operating_revenue, operating_income, fuel_cost, CARES_FLAG1, CARES_Flag) VALUES (31, 'Southwest Airlines', 388246, 85.303333, 5139071, 694433.00, 898343029, 'Normal_Period', 'Normal_Period');
INSERT INTO Fact_Financials_Master (Date_Key, Airline_Name, net_income, load_factor, operating_revenue, operating_income, fuel_cost, CARES_FLAG1, CARES_Flag) VALUES (38, 'Delta Airlines', 1017742, 87.510000, 11809326, 1742062.00, 1979602393, 'Normal_Period', 'Normal_Period');
INSERT INTO Fact_Financials_Master (Date_Key, Airline_Name, net_income, load_factor, operating_revenue, operating_income, fuel_cost, CARES_FLAG1, CARES_Flag) VALUES (39, 'Delta Airlines', 1275703, 87.086667, 11988481, 1663858.00, 2184355053, 'Normal_Period', 'Normal_Period');
INSERT INTO Fact_Financials_Master (Date_Key, Airline_Name, net_income, load_factor, operating_revenue, operating_income, fuel_cost, CARES_FLAG1, CARES_Flag) VALUES (32, 'Alaska Airlines', 164942, 85.620000, 1423514, 298506.00, 189459153, 'Normal_Period', 'Normal_Period');
INSERT INTO Fact_Financials_Master (Date_Key, Airline_Name, net_income, load_factor, operating_revenue, operating_income, fuel_cost, CARES_FLAG1, CARES_Flag) VALUES (33, 'Frontier Airlines', -237, 86.783333, 429929, -2698.01, 84351749, 'Normal_Period', 'Normal_Period');
INSERT INTO Fact_Financials_Master (Date_Key, Airline_Name, net_income, load_factor, operating_revenue, operating_income, fuel_cost, CARES_FLAG1, CARES_Flag) VALUES (32, 'JetBlue Airlines', 180020, 85.326667, 1640949, 294724.10, 291342360, 'Normal_Period', 'Normal_Period');
INSERT INTO Fact_Financials_Master (Date_Key, Airline_Name, net_income, load_factor, operating_revenue, operating_income, fuel_cost, CARES_FLAG1, CARES_Flag) VALUES (40, 'Delta Airlines', 1008335, 86.850000, 10732248, 1185494.00, 2039881243, 'Normal_Period', 'Normal_Period');
INSERT INTO Fact_Financials_Master (Date_Key, Airline_Name, net_income, load_factor, operating_revenue, operating_income, fuel_cost, CARES_FLAG1, CARES_Flag) VALUES (41, 'Delta Airlines', 747733, 84.250000, 10491457, 1019481.00, 1684074209, 'Normal_Period', 'Normal_Period');
INSERT INTO Fact_Financials_Master (Date_Key, Airline_Name, net_income, load_factor, operating_revenue, operating_income, fuel_cost, CARES_FLAG1, CARES_Flag) VALUES (32, 'Frontier Airlines', 32721, 86.056667, 434475, 48631.93, 82003745, 'Normal_Period', 'Normal_Period');
INSERT INTO Fact_Financials_Master (Date_Key, Airline_Name, net_income, load_factor, operating_revenue, operating_income, fuel_cost, CARES_FLAG1, CARES_Flag) VALUES (41, 'Alaska Airlines', 17407, 80.130000, 1874887, 28323.00, 362341413, 'Normal_Period', 'Normal_Period');
INSERT INTO Fact_Financials_Master (Date_Key, Airline_Name, net_income, load_factor, operating_revenue, operating_income, fuel_cost, CARES_FLAG1, CARES_Flag) VALUES (42, 'Delta Airlines', 1407178, 89.890000, 12581479, 2080770.00, 1966302158, 'Normal_Period', 'Normal_Period');
INSERT INTO Fact_Financials_Master (Date_Key, Airline_Name, net_income, load_factor, operating_revenue, operating_income, fuel_cost, CARES_FLAG1, CARES_Flag) VALUES (32, 'Spirit Airlines', 48493, 81.183333, 578351, 85310.77, 126534683, 'Normal_Period', 'Normal_Period');
INSERT INTO Fact_Financials_Master (Date_Key, Airline_Name, net_income, load_factor, operating_revenue, operating_income, fuel_cost, CARES_FLAG1, CARES_Flag) VALUES (43, 'Delta Airlines', 1493988, 89.123333, 12590411, 2062770.00, 1960079222, 'Normal_Period', 'Normal_Period');
INSERT INTO Fact_Financials_Master (Date_Key, Airline_Name, net_income, load_factor, operating_revenue, operating_income, fuel_cost, CARES_FLAG1, CARES_Flag) VALUES (32, 'Southwest Airlines', 522340, 84.596667, 5075670, 845884.00, 911132366, 'Normal_Period', 'Normal_Period');
INSERT INTO Fact_Financials_Master (Date_Key, Airline_Name, net_income, load_factor, operating_revenue, operating_income, fuel_cost, CARES_FLAG1, CARES_Flag) VALUES (44, 'Delta Airlines', 1121021, 86.793333, 11462988, 1395768.00, 1704275994, 'Normal_Period', 'Normal_Period');
INSERT INTO Fact_Financials_Master (Date_Key, Airline_Name, net_income, load_factor, operating_revenue, operating_income, fuel_cost, CARES_FLAG1, CARES_Flag) VALUES (33, 'Alaska Airlines', 122665, 82.646667, 1391087, 215242.00, 208797145, 'Normal_Period', 'Normal_Period');
INSERT INTO Fact_Financials_Master (Date_Key, Airline_Name, net_income, load_factor, operating_revenue, operating_income, fuel_cost, CARES_FLAG1, CARES_Flag) VALUES (54, 'Alaska Airlines', 143232, 88.730000, 2657033, 155947.00, 718440676, 'Normal_Period', 'Normal_Period');
INSERT INTO Fact_Financials_Master (Date_Key, Airline_Name, net_income, load_factor, operating_revenue, operating_income, fuel_cost, CARES_FLAG1, CARES_Flag) VALUES (33, 'JetBlue Airlines', 85276, 84.456667, 1603858, 147605.05, 322619471, 'Normal_Period', 'Normal_Period');
INSERT INTO Fact_Financials_Master (Date_Key, Airline_Name, net_income, load_factor, operating_revenue, operating_income, fuel_cost, CARES_FLAG1, CARES_Flag) VALUES (39, 'Frontier Airlines', 30541, 86.310000, 544751, 35787.31, 138070763, 'Normal_Period', 'Normal_Period');
INSERT INTO Fact_Financials_Master (Date_Key, Airline_Name, net_income, load_factor, operating_revenue, operating_income, fuel_cost, CARES_FLAG1, CARES_Flag) VALUES (51, 'Delta Airlines', 1196545, 84.703333, 9165349, 552729.00, 1288346787, 'Normal_Period', 'Normal_Period');
INSERT INTO Fact_Financials_Master (Date_Key, Airline_Name, net_income, load_factor, operating_revenue, operating_income, fuel_cost, CARES_FLAG1, CARES_Flag) VALUES (33, 'Spirit Airlines', 31935, 81.693333, 591746, 59405.28, 139781837, 'Normal_Period', 'Normal_Period');
INSERT INTO Fact_Financials_Master (Date_Key, Airline_Name, net_income, load_factor, operating_revenue, operating_income, fuel_cost, CARES_FLAG1, CARES_Flag) VALUES (52, 'Delta Airlines', -373073, 83.026667, 9484850, 396369.00, 1327442079, 'Normal_Period', 'Normal_Period');
INSERT INTO Fact_Financials_Master (Date_Key, Airline_Name, net_income, load_factor, operating_revenue, operating_income, fuel_cost, CARES_FLAG1, CARES_Flag) VALUES (33, 'Southwest Airlines', 351464, 80.010000, 4882664, 658021.00, 880209961, 'Normal_Period', 'Normal_Period');
INSERT INTO Fact_Financials_Master (Date_Key, Airline_Name, net_income, load_factor, operating_revenue, operating_income, fuel_cost, CARES_FLAG1, CARES_Flag) VALUES (54, 'Delta Airlines', 798789, 90.680000, 13849556, 1654695.00, 2814603886, 'Normal_Period', 'Normal_Period');
INSERT INTO Fact_Financials_Master (Date_Key, Airline_Name, net_income, load_factor, operating_revenue, operating_income, fuel_cost, CARES_FLAG1, CARES_Flag) VALUES (34, 'Alaska Airlines', 273678, 87.620000, 1665297, 463667.00, 215660250, 'Normal_Period', 'Normal_Period');
INSERT INTO Fact_Financials_Master (Date_Key, Airline_Name, net_income, load_factor, operating_revenue, operating_income, fuel_cost, CARES_FLAG1, CARES_Flag) VALUES (34, 'JetBlue Airlines', 210805, 85.543333, 1842498, 354018.68, 325045521, 'Normal_Period', 'Normal_Period');
INSERT INTO Fact_Financials_Master (Date_Key, Airline_Name, net_income, load_factor, operating_revenue, operating_income, fuel_cost, CARES_FLAG1, CARES_Flag) VALUES (55, 'Delta Airlines', 759316, 87.200000, 13993844, 1587727.00, 2887504915, 'Normal_Period', 'Normal_Period');
INSERT INTO Fact_Financials_Master (Date_Key, Airline_Name, net_income, load_factor, operating_revenue, operating_income, fuel_cost, CARES_FLAG1, CARES_Flag) VALUES (38, 'Frontier Airlines', 67225, 86.696667, 556016, 83650.12, 138922619, 'Normal_Period', 'Normal_Period');
INSERT INTO Fact_Financials_Master (Date_Key, Airline_Name, net_income, load_factor, operating_revenue, operating_income, fuel_cost, CARES_FLAG1, CARES_Flag) VALUES (34, 'Frontier Airlines', 70019, 87.536667, 506579, 110120.19, 86457381, 'Normal_Period', 'Normal_Period');
INSERT INTO Fact_Financials_Master (Date_Key, Airline_Name, net_income, load_factor, operating_revenue, operating_income, fuel_cost, CARES_FLAG1, CARES_Flag) VALUES (56, 'Delta Airlines', 927752, 86.960000, 13460921, 1520451.00, 2438603809, 'Normal_Period', 'Normal_Period');
INSERT INTO Fact_Financials_Master (Date_Key, Airline_Name, net_income, load_factor, operating_revenue, operating_income, fuel_cost, CARES_FLAG1, CARES_Flag) VALUES (34, 'Spirit Airlines', 94209, 85.746667, 700389, 131442.64, 142293947, 'Normal_Period', 'Normal_Period');
INSERT INTO Fact_Financials_Master (Date_Key, Airline_Name, net_income, load_factor, operating_revenue, operating_income, fuel_cost, CARES_FLAG1, CARES_Flag) VALUES (41, 'United Airlines', 292760, 83.040000, 9589287, 495793.68, 1571379217, 'Normal_Period', 'Normal_Period');
INSERT INTO Fact_Financials_Master (Date_Key, Airline_Name, net_income, load_factor, operating_revenue, operating_income, fuel_cost, CARES_FLAG1, CARES_Flag) VALUES (34, 'Southwest Airlines', 746032, 85.713333, 5743938, 1249863.00, 942830776, 'Normal_Period', 'Normal_Period');
INSERT INTO Fact_Financials_Master (Date_Key, Airline_Name, net_income, load_factor, operating_revenue, operating_income, fuel_cost, CARES_FLAG1, CARES_Flag) VALUES (35, 'Alaska Airlines', 251732, 86.383333, 1693104, 420921.00, 231037212, 'Normal_Period', 'Normal_Period');
INSERT INTO Fact_Financials_Master (Date_Key, Airline_Name, net_income, load_factor, operating_revenue, operating_income, fuel_cost, CARES_FLAG1, CARES_Flag) VALUES (35, 'JetBlue Airlines', 178785, 84.593333, 1812728, 302364.98, 346903291, 'Normal_Period', 'Normal_Period');
INSERT INTO Fact_Financials_Master (Date_Key, Airline_Name, net_income, load_factor, operating_revenue, operating_income, fuel_cost, CARES_FLAG1, CARES_Flag) VALUES (38, 'United Airlines', 684133, 87.600000, 10776602, 1160849.06, 1903653126, 'Normal_Period', 'Normal_Period');
INSERT INTO Fact_Financials_Master (Date_Key, Airline_Name, net_income, load_factor, operating_revenue, operating_income, fuel_cost, CARES_FLAG1, CARES_Flag) VALUES (35, 'Frontier Airlines', 66331, 85.486667, 486947, 103680.87, 99296945, 'Normal_Period', 'Normal_Period');
INSERT INTO Fact_Financials_Master (Date_Key, Airline_Name, net_income, load_factor, operating_revenue, operating_income, fuel_cost, CARES_FLAG1, CARES_Flag) VALUES (40, 'Alaska Airlines', 47926, 83.760000, 2063568, 106912.00, 420687588, 'Normal_Period', 'Normal_Period');
INSERT INTO Fact_Financials_Master (Date_Key, Airline_Name, net_income, load_factor, operating_revenue, operating_income, fuel_cost, CARES_FLAG1, CARES_Flag) VALUES (35, 'Spirit Airlines', 60190, 83.626667, 687231, 104103.41, 158300187, 'Normal_Period', 'Normal_Period');
INSERT INTO Fact_Financials_Master (Date_Key, Airline_Name, net_income, load_factor, operating_revenue, operating_income, fuel_cost, CARES_FLAG1, CARES_Flag) VALUES (35, 'United Airlines', 637510, 85.910000, 9877966, 1092645.26, 1443132558, 'Normal_Period', 'Normal_Period');
INSERT INTO Fact_Financials_Master (Date_Key, Airline_Name, net_income, load_factor, operating_revenue, operating_income, fuel_cost, CARES_FLAG1, CARES_Flag) VALUES (35, 'Southwest Airlines', 502605, 84.710000, 5270666, 834103.00, 950297435, 'Normal_Period', 'Normal_Period');
INSERT INTO Fact_Financials_Master (Date_Key, Airline_Name, net_income, load_factor, operating_revenue, operating_income, fuel_cost, CARES_FLAG1, CARES_Flag) VALUES (55, 'Alaska Airlines', 58195, 86.876667, 2826317, 190180.00, 675418957, 'Normal_Period', 'Normal_Period');
INSERT INTO Fact_Financials_Master (Date_Key, Airline_Name, net_income, load_factor, operating_revenue, operating_income, fuel_cost, CARES_FLAG1, CARES_Flag) VALUES (36, 'Alaska Airlines', 426165, 84.883333, 1538364, 190946.00, 248785060, 'Normal_Period', 'Normal_Period');
INSERT INTO Fact_Financials_Master (Date_Key, Airline_Name, net_income, load_factor, operating_revenue, operating_income, fuel_cost, CARES_FLAG1, CARES_Flag) VALUES (36, 'JetBlue Airlines', 672409, 83.916667, 1756242, 189373.56, 368182234, 'Normal_Period', 'Normal_Period');
INSERT INTO Fact_Financials_Master (Date_Key, Airline_Name, net_income, load_factor, operating_revenue, operating_income, fuel_cost, CARES_FLAG1, CARES_Flag) VALUES (36, 'Frontier Airlines', 28750, 87.203333, 491286, 30552.22, 115817274, 'Normal_Period', 'Normal_Period');
INSERT INTO Fact_Financials_Master (Date_Key, Airline_Name, net_income, load_factor, operating_revenue, operating_income, fuel_cost, CARES_FLAG1, CARES_Flag) VALUES (36, 'Spirit Airlines', 81746, 81.803333, 666182, 91308.42, 175205228, 'Normal_Period', 'Normal_Period');
INSERT INTO Fact_Financials_Master (Date_Key, Airline_Name, net_income, load_factor, operating_revenue, operating_income, fuel_cost, CARES_FLAG1, CARES_Flag) VALUES (36, 'Southwest Airlines', 1888364, 85.226667, 5273392, 772871.00, 979402577, 'Normal_Period', 'Normal_Period');
INSERT INTO Fact_Financials_Master (Date_Key, Airline_Name, net_income, load_factor, operating_revenue, operating_income, fuel_cost, CARES_FLAG1, CARES_Flag) VALUES (37, 'JetBlue Airlines', 88322, 83.306667, 1753764, 129322.26, 416853799, 'Normal_Period', 'Normal_Period');
INSERT INTO Fact_Financials_Master (Date_Key, Airline_Name, net_income, load_factor, operating_revenue, operating_income, fuel_cost, CARES_FLAG1, CARES_Flag) VALUES (37, 'Frontier Airlines', 26845, 85.386667, 501374, 33298.57, 123429281, 'Normal_Period', 'Normal_Period');
INSERT INTO Fact_Financials_Master (Date_Key, Airline_Name, net_income, load_factor, operating_revenue, operating_income, fuel_cost, CARES_FLAG1, CARES_Flag) VALUES (56, 'Frontier Airlines', 39973, 82.550000, 905887, 44922.54, 285084742, 'Normal_Period', 'Normal_Period');
INSERT INTO Fact_Financials_Master (Date_Key, Airline_Name, net_income, load_factor, operating_revenue, operating_income, fuel_cost, CARES_FLAG1, CARES_Flag) VALUES (37, 'Southwest Airlines', 462596, 81.386667, 4943716, 616430.00, 967286238, 'Normal_Period', 'Normal_Period');
INSERT INTO Fact_Financials_Master (Date_Key, Airline_Name, net_income, load_factor, operating_revenue, operating_income, fuel_cost, CARES_FLAG1, CARES_Flag) VALUES (55, 'Frontier Airlines', 20739, 82.903333, 906463, 42980.10, 286205576, 'Normal_Period', 'Normal_Period');
INSERT INTO Fact_Financials_Master (Date_Key, Airline_Name, net_income, load_factor, operating_revenue, operating_income, fuel_cost, CARES_FLAG1, CARES_Flag) VALUES (38, 'Alaska Airlines', 215165, 86.473333, 2154720, 266791.00, 439365882, 'Normal_Period', 'Normal_Period');
INSERT INTO Fact_Financials_Master (Date_Key, Airline_Name, net_income, load_factor, operating_revenue, operating_income, fuel_cost, CARES_FLAG1, CARES_Flag) VALUES (38, 'JetBlue Airlines', -119892, 84.536667, 1928022, 171150.64, 491117942, 'Normal_Period', 'Normal_Period');
INSERT INTO Fact_Financials_Master (Date_Key, Airline_Name, net_income, load_factor, operating_revenue, operating_income, fuel_cost, CARES_FLAG1, CARES_Flag) VALUES (38, 'Spirit Airlines', 11254, 84.573333, 851772, 108521.15, 246180055, 'Normal_Period', 'Normal_Period');
INSERT INTO Fact_Financials_Master (Date_Key, Airline_Name, net_income, load_factor, operating_revenue, operating_income, fuel_cost, CARES_FLAG1, CARES_Flag) VALUES (38, 'Southwest Airlines', 732723, 84.713333, 5742434, 971585.00, 1142965267, 'Normal_Period', 'Normal_Period');
INSERT INTO Fact_Financials_Master (Date_Key, Airline_Name, net_income, load_factor, operating_revenue, operating_income, fuel_cost, CARES_FLAG1, CARES_Flag) VALUES (39, 'Alaska Airlines', 229800, 85.190000, 2210301, 299563.00, 436668891, 'Normal_Period', 'Normal_Period');
INSERT INTO Fact_Financials_Master (Date_Key, Airline_Name, net_income, load_factor, operating_revenue, operating_income, fuel_cost, CARES_FLAG1, CARES_Flag) VALUES (39, 'JetBlue Airlines', 50470, 86.146667, 2007943, 128958.94, 514805686, 'Normal_Period', 'Normal_Period');
INSERT INTO Fact_Financials_Master (Date_Key, Airline_Name, net_income, load_factor, operating_revenue, operating_income, fuel_cost, CARES_FLAG1, CARES_Flag) VALUES (39, 'United Airlines', 836361, 87.076667, 11003046, 1203512.10, 2038746452, 'Normal_Period', 'Normal_Period');
INSERT INTO Fact_Financials_Master (Date_Key, Airline_Name, net_income, load_factor, operating_revenue, operating_income, fuel_cost, CARES_FLAG1, CARES_Flag) VALUES (42, 'United Airlines', 1051939, 88.206667, 11401369, 1472345.77, 1873594576, 'Normal_Period', 'Normal_Period');
INSERT INTO Fact_Financials_Master (Date_Key, Airline_Name, net_income, load_factor, operating_revenue, operating_income, fuel_cost, CARES_FLAG1, CARES_Flag) VALUES (39, 'Spirit Airlines', 97480, 86.696667, 904330, 145125.39, 258818306, 'Normal_Period', 'Normal_Period');
INSERT INTO Fact_Financials_Master (Date_Key, Airline_Name, net_income, load_factor, operating_revenue, operating_income, fuel_cost, CARES_FLAG1, CARES_Flag) VALUES (51, 'Alaska Airlines', 179188, 80.686667, 1951437, 224130.00, 333456499, 'Normal_Period', 'Normal_Period');
INSERT INTO Fact_Financials_Master (Date_Key, Airline_Name, net_income, load_factor, operating_revenue, operating_income, fuel_cost, CARES_FLAG1, CARES_Flag) VALUES (43, 'United Airlines', 1023959, 86.870000, 11380482, 1473706.79, 1833020108, 'Normal_Period', 'Normal_Period');
INSERT INTO Fact_Financials_Master (Date_Key, Airline_Name, net_income, load_factor, operating_revenue, operating_income, fuel_cost, CARES_FLAG1, CARES_Flag) VALUES (39, 'Southwest Airlines', 615460, 83.696667, 5574877, 797969.00, 1151604028, 'Normal_Period', 'Normal_Period');
INSERT INTO Fact_Financials_Master (Date_Key, Airline_Name, net_income, load_factor, operating_revenue, operating_income, fuel_cost, CARES_FLAG1, CARES_Flag) VALUES (40, 'JetBlue Airlines', 169324, 83.996667, 1968722, 220947.63, 476458144, 'Normal_Period', 'Normal_Period');
INSERT INTO Fact_Financials_Master (Date_Key, Airline_Name, net_income, load_factor, operating_revenue, operating_income, fuel_cost, CARES_FLAG1, CARES_Flag) VALUES (40, 'Spirit Airlines', 91936, 86.016667, 862795, 136064.97, 229680014, 'Normal_Period', 'Normal_Period');
INSERT INTO Fact_Financials_Master (Date_Key, Airline_Name, net_income, load_factor, operating_revenue, operating_income, fuel_cost, CARES_FLAG1, CARES_Flag) VALUES (40, 'Southwest Airlines', 654188, 83.600000, 5704022, 819684.00, 1140077734, 'Normal_Period', 'Normal_Period');
INSERT INTO Fact_Financials_Master (Date_Key, Airline_Name, net_income, load_factor, operating_revenue, operating_income, fuel_cost, CARES_FLAG1, CARES_Flag) VALUES (55, 'United Airlines', 942051, 87.226667, 12876668, 1458956.59, 3168301453, 'Normal_Period', 'Normal_Period');
INSERT INTO Fact_Financials_Master (Date_Key, Airline_Name, net_income, load_factor, operating_revenue, operating_income, fuel_cost, CARES_FLAG1, CARES_Flag) VALUES (56, 'United Airlines', 844356, 86.893333, 12400352, 1377863.51, 2805990251, 'Normal_Period', 'Normal_Period');
INSERT INTO Fact_Financials_Master (Date_Key, Airline_Name, net_income, load_factor, operating_revenue, operating_income, fuel_cost, CARES_FLAG1, CARES_Flag) VALUES (41, 'JetBlue Airlines', 41574, 83.433333, 1871279, 83295.87, 437105346, 'Normal_Period', 'Normal_Period');
INSERT INTO Fact_Financials_Master (Date_Key, Airline_Name, net_income, load_factor, operating_revenue, operating_income, fuel_cost, CARES_FLAG1, CARES_Flag) VALUES (41, 'Frontier Airlines', 27053, 86.706667, 546583, 30567.66, 120016516, 'Normal_Period', 'Normal_Period');
INSERT INTO Fact_Financials_Master (Date_Key, Airline_Name, net_income, load_factor, operating_revenue, operating_income, fuel_cost, CARES_FLAG1, CARES_Flag) VALUES (41, 'Spirit Airlines', 56076, 83.736667, 855796, 87804.39, 229636084, 'Normal_Period', 'Normal_Period');
INSERT INTO Fact_Financials_Master (Date_Key, Airline_Name, net_income, load_factor, operating_revenue, operating_income, fuel_cost, CARES_FLAG1, CARES_Flag) VALUES (41, 'Southwest Airlines', 387114, 80.830000, 5149183, 504939.00, 968501700, 'Normal_Period', 'Normal_Period');
INSERT INTO Fact_Financials_Master (Date_Key, Airline_Name, net_income, load_factor, operating_revenue, operating_income, fuel_cost, CARES_FLAG1, CARES_Flag) VALUES (42, 'Alaska Airlines', 256378, 86.543333, 2286496, 357660.00, 426337404, 'Normal_Period', 'Normal_Period');
INSERT INTO Fact_Financials_Master (Date_Key, Airline_Name, net_income, load_factor, operating_revenue, operating_income, fuel_cost, CARES_FLAG1, CARES_Flag) VALUES (42, 'JetBlue Airlines', 179484, 87.270000, 2105423, 249869.81, 484275565, 'Normal_Period', 'Normal_Period');
INSERT INTO Fact_Financials_Master (Date_Key, Airline_Name, net_income, load_factor, operating_revenue, operating_income, fuel_cost, CARES_FLAG1, CARES_Flag) VALUES (42, 'Frontier Airlines', 80534, 88.483333, 637664, 101147.50, 134095421, 'Normal_Period', 'Normal_Period');
INSERT INTO Fact_Financials_Master (Date_Key, Airline_Name, net_income, load_factor, operating_revenue, operating_income, fuel_cost, CARES_FLAG1, CARES_Flag) VALUES (42, 'Spirit Airlines', 114510, 86.056667, 1012956, 163938.36, 265005455, 'Normal_Period', 'Normal_Period');
INSERT INTO Fact_Financials_Master (Date_Key, Airline_Name, net_income, load_factor, operating_revenue, operating_income, fuel_cost, CARES_FLAG1, CARES_Flag) VALUES (42, 'Southwest Airlines', 740536, 86.330000, 5909468, 968047.00, 1084476761, 'Normal_Period', 'Normal_Period');
INSERT INTO Fact_Financials_Master (Date_Key, Airline_Name, net_income, load_factor, operating_revenue, operating_income, fuel_cost, CARES_FLAG1, CARES_Flag) VALUES (43, 'Alaska Airlines', 311173, 86.063333, 2387392, 407567.00, 412144359, 'Normal_Period', 'Normal_Period');
INSERT INTO Fact_Financials_Master (Date_Key, Airline_Name, net_income, load_factor, operating_revenue, operating_income, fuel_cost, CARES_FLAG1, CARES_Flag) VALUES (43, 'JetBlue Airlines', 186516, 86.173333, 2086180, 243200.54, 471055532, 'Normal_Period', 'Normal_Period');
INSERT INTO Fact_Financials_Master (Date_Key, Airline_Name, net_income, load_factor, operating_revenue, operating_income, fuel_cost, CARES_FLAG1, CARES_Flag) VALUES (43, 'Frontier Airlines', 87669, 86.210000, 668517, 109289.17, 143225931, 'Normal_Period', 'Normal_Period');
INSERT INTO Fact_Financials_Master (Date_Key, Airline_Name, net_income, load_factor, operating_revenue, operating_income, fuel_cost, CARES_FLAG1, CARES_Flag) VALUES (44, 'Alaska Airlines', 181235, 83.773333, 2225889, 244158.00, 405557345, 'Normal_Period', 'Normal_Period');
INSERT INTO Fact_Financials_Master (Date_Key, Airline_Name, net_income, load_factor, operating_revenue, operating_income, fuel_cost, CARES_FLAG1, CARES_Flag) VALUES (43, 'Spirit Airlines', 83464, 84.636667, 991968, 124681.86, 253846988, 'Normal_Period', 'Normal_Period');
INSERT INTO Fact_Financials_Master (Date_Key, Airline_Name, net_income, load_factor, operating_revenue, operating_income, fuel_cost, CARES_FLAG1, CARES_Flag) VALUES (52, 'Southwest Airlines', 67711, 81.053333, 5051380, 194816.00, 1013177135, 'Normal_Period', 'Normal_Period');
INSERT INTO Fact_Financials_Master (Date_Key, Airline_Name, net_income, load_factor, operating_revenue, operating_income, fuel_cost, CARES_FLAG1, CARES_Flag) VALUES (43, 'Southwest Airlines', 658875, 83.390000, 5639820, 819474.00, 1034876651, 'Normal_Period', 'Normal_Period');
INSERT INTO Fact_Financials_Master (Date_Key, Airline_Name, net_income, load_factor, operating_revenue, operating_income, fuel_cost, CARES_FLAG1, CARES_Flag) VALUES (44, 'JetBlue Airlines', 161393, 82.926667, 2031125, 227882.35, 454755085, 'Normal_Period', 'Normal_Period');
INSERT INTO Fact_Financials_Master (Date_Key, Airline_Name, net_income, load_factor, operating_revenue, operating_income, fuel_cost, CARES_FLAG1, CARES_Flag) VALUES (44, 'Frontier Airlines', 55591, 85.173333, 655586, 67453.48, 146181799, 'Normal_Period', 'Normal_Period');
INSERT INTO Fact_Financials_Master (Date_Key, Airline_Name, net_income, load_factor, operating_revenue, operating_income, fuel_cost, CARES_FLAG1, CARES_Flag) VALUES (44, 'Spirit Airlines', 81214, 85.536667, 969816, 124623.94, 244988658, 'Normal_Period', 'Normal_Period');
INSERT INTO Fact_Financials_Master (Date_Key, Airline_Name, net_income, load_factor, operating_revenue, operating_income, fuel_cost, CARES_FLAG1, CARES_Flag) VALUES (44, 'Southwest Airlines', 513799, 83.060000, 5729282, 664733.00, 1055382052, 'Normal_Period', 'Normal_Period');
INSERT INTO Fact_Financials_Master (Date_Key, Airline_Name, net_income, load_factor, operating_revenue, operating_income, fuel_cost, CARES_FLAG1, CARES_Flag) VALUES (54, 'Southwest Airlines', 760132, 87.086667, 6728340, 1158160.00, 1563400310, 'Normal_Period', 'Normal_Period');
INSERT INTO Fact_Financials_Master (Date_Key, Airline_Name, net_income, load_factor, operating_revenue, operating_income, fuel_cost, CARES_FLAG1, CARES_Flag) VALUES (55, 'Southwest Airlines', 277063, 85.233333, 6220108, 395148.00, 1664173236, 'Normal_Period', 'Normal_Period');
INSERT INTO Fact_Financials_Master (Date_Key, Airline_Name, net_income, load_factor, operating_revenue, operating_income, fuel_cost, CARES_FLAG1, CARES_Flag) VALUES (56, 'JetBlue Airlines', 23475, 84.226667, 2415043, 100326.96, 797531480, 'Normal_Period', 'Normal_Period');
